P253-00831,11029024.0,,,,9786264022903,9786264022903.0,,,,勸你趁早喜歡我【首刷印簽版/01-04套書】,勸你趁早喜歡我【首刷印簽版/01-04套書】,,,,勸你趁早喜歡我首刷印簽版0104套書,勸你趁早喜歡我首刷印簽版0104套書,,,,,,,,,葉斐然,葉斐然,,,,,,,,,高寶,高寶,,,,,,8/13/25,,,,1430.0,1430.0,,,,文學小說 > 愛情小說,,,,,https://www.books.com.tw/products/0011029024,,,
P253-00844,11026879.0,,,,9786264022989,9786264022989.0,,,,勸你趁早喜歡我【03+04(完)套書】,勸你趁早喜歡我【03+04(完)套書】,,,,勸你趁早喜歡我0304完套書,勸你趁早喜歡我0304完套書,,,,,,,,,葉斐然,葉斐然,,,,,,,,,高寶,高寶,,,,,,7/23/25,,,,710.0,710.0,,,,文學小說 > 愛情小說,,,,,https://www.books.com.tw/products/0011026879,,,
P253-00845 / P253-09492,11026888.0,,2018563863909.0,,9786264022989,9786264022989.0,,9786264022989.0,,勸你趁早喜歡我03,勸你趁早喜歡我03,,勸你趁早喜歡我03,,勸你趁早喜歡我03,勸你趁早喜歡我03,,勸你趁早喜歡我03,,,,,,,葉斐然,葉斐然,,葉斐然,,,,,,,高寶,高寶,,高寶,,2025-07-23,2025-07-23,7/23/25,,7/23/25,,350.0,350.0,,350.0,,文學小說 > 愛情小說,,中文書>文學>愛情小說>華文愛情小說,,,https://www.books.com.tw/products/0011026888,,https://www.kingstone.com.tw/basic/2018563863909/?lid=book_class3_jma&actid=book_class3_jma,
P253-00846 / P253-09493,11026890.0,,2018563864081.0,,9786264022996,9786264022996.0,,9786264022996.0,,勸你趁早喜歡我04(完),勸你趁早喜歡我04(完),,勸你趁早喜歡我04（完）,,勸你趁早喜歡我04完,勸你趁早喜歡我04完,,勸你趁早喜歡我04完,,,,,,,葉斐然,葉斐然,,葉斐然,,,,,,,高寶,高寶,,高寶,,2025-07-23,2025-07-23,7/23/25,,7/23/25,,360.0,360.0,,360.0,,文學小說 > 愛情小說,,中文書>文學>愛情小說>華文愛情小說,,,https://www.books.com.tw/products/0011026890,,https://www.kingstone.com.tw/basic/2018563864081/?lid=book_class3_jma&actid=book_class3_jma,
P253-00849 / P253-08686,11025558.0,,2018563854624.0,,9786264022897 / 9780020250869,9786264022897.0,,9780020250869.0,,勸你趁早喜歡我01【首刷印簽版】,勸你趁早喜歡我01【首刷印簽版】,,勸你趁早喜歡我01【首刷印簽版】,,勸你趁早喜歡我01首刷印簽版,勸你趁早喜歡我01首刷印簽版,,勸你趁早喜歡我01首刷印簽版,,,,,,,葉斐然,葉斐然,,葉斐然,,,,,,,高寶,高寶,,高寶,,2025-07-09,2025-07-09,7/9/25,,7/9/25,,360.0,360.0,,360.0,,文學小說 > 愛情小說,,中文書>文學>愛情小說>華文愛情小說,,,https://www.books.com.tw/products/0011025558,,https://www.kingstone.com.tw/basic/2018563854624/?lid=book_class3_jma&actid=book_class3_jma,
P253-00850,11025561.0,,,,9786264022903,9786264022903.0,,,,勸你趁早喜歡我【01+02套書/首刷印簽版】,勸你趁早喜歡我【01+02套書/首刷印簽版】,,,,勸你趁早喜歡我0102套書首刷印簽版,勸你趁早喜歡我0102套書首刷印簽版,,,,,,,,,葉斐然,葉斐然,,,,,,,,,高寶,高寶,,,,,,7/9/25,,,,720.0,720.0,,,,文學小說 > 愛情小說,,,,,https://www.books.com.tw/products/0011025561,,,
P253-00851 / P253-08687,11025564.0,,2018563854754.0,,9786264022903,9786264022903.0,,9786264022903.0,,勸你趁早喜歡我02,勸你趁早喜歡我02,,勸你趁早喜歡我02,,勸你趁早喜歡我02,勸你趁早喜歡我02,,勸你趁早喜歡我02,,,,,,,葉斐然,葉斐然,,葉斐然,,,,,,,高寶,高寶,,高寶,,2025-07-09,2025-07-09,7/9/25,,7/9/25,,360.0,360.0,,360.0,,文學小說 > 愛情小說,,中文書>文學>愛情小說>華文愛情小說,,,https://www.books.com.tw/products/0011025564,,https://www.kingstone.com.tw/basic/2018563854754/?lid=book_class3_jma&actid=book_class3_jma,
P253-07366,,10012017642682964254002,,,9780020251019,,9780020251019.0,,,勸你趁早喜歡我 1-4 (完/4冊合售),,勸你趁早喜歡我 1-4 (完/4冊合售),,,勸你趁早喜歡我14完4冊合售,,勸你趁早喜歡我14完4冊合售,,,,,,,,葉斐然,,葉斐然,,,,,,,,英屬維京群島商高寶國際有限公司台灣分公司,,英屬維京群島商高寶國際有限公司台灣分公司,,,,,,8/13/25,,,1430.0,,1430.0,,,,中文書 > 輕小說 > 華文戀愛故事,,,,,https://www.eslite.com/product/10012017642682964254002,,
P253-07369,,10012017642682945982009,,,9786264022989,,9786264022989.0,,,勸你趁早喜歡我 3,,勸你趁早喜歡我 3,,,勸你趁早喜歡我3,,勸你趁早喜歡我3,,,,,,,,葉斐然,,葉斐然,,,,,,,,英屬維京群島商高寶國際有限公司台灣分公司,,英屬維京群島商高寶國際有限公司台灣分公司,,,,,,7/23/25,,,350.0,,350.0,,,,中文書 > 輕小說 > 華文戀愛故事,,,,,https://www.eslite.com/product/10012017642682945982009,,
P253-07370,,10012017642682945983006,,,9786264022996,,9786264022996.0,,,勸你趁早喜歡我 4 (完),,勸你趁早喜歡我 4 (完),,,勸你趁早喜歡我4完,,勸你趁早喜歡我4完,,,,,,,,葉斐然,,葉斐然,,,,,,,,英屬維京群島商高寶國際有限公司台灣分公司,,英屬維京群島商高寶國際有限公司台灣分公司,,,,,,7/23/25,,,360.0,,360.0,,,,中文書 > 輕小說 > 華文戀愛故事,,,,,https://www.eslite.com/product/10012017642682945983006,,
P253-07371,,10012017642682945984003,,,9780020250975,,9780020250975.0,,,勸你趁早喜歡我 3+4 (完/2冊合售),,勸你趁早喜歡我 3+4 (完/2冊合售),,,勸你趁早喜歡我34完2冊合售,,勸你趁早喜歡我34完2冊合售,,,,,,,,葉斐然,,葉斐然,,,,,,,,英屬維京群島商高寶國際有限公司台灣分公司,,英屬維京群島商高寶國際有限公司台灣分公司,,,,,,7/23/25,,,710.0,,710.0,,,,中文書 > 輕小說 > 華文戀愛故事,,,,,https://www.eslite.com/product/10012017642682945984003,,
P253-07372,,10012017642682937839007,,,9780020250869,,9780020250869.0,,,勸你趁早喜歡我 1 (首刷印簽版),,勸你趁早喜歡我 1 (首刷印簽版),,,勸你趁早喜歡我1首刷印簽版,,勸你趁早喜歡我1首刷印簽版,,,,,,,,葉斐然,,葉斐然,,,,,,,,英屬維京群島商高寶國際有限公司台灣分公司,,英屬維京群島商高寶國際有限公司台灣分公司,,,,,,7/9/25,,,360.0,,360.0,,,,中文書 > 輕小說 > 華文戀愛故事,,,,,https://www.eslite.com/product/10012017642682937839007,,
P253-07373,,10012017642682937840003,,,9786264022903,,9786264022903.0,,,勸你趁早喜歡我 2,,勸你趁早喜歡我 2,,,勸你趁早喜歡我2,,勸你趁早喜歡我2,,,,,,,,葉斐然,,葉斐然,,,,,,,,英屬維京群島商高寶國際有限公司台灣分公司,,英屬維京群島商高寶國際有限公司台灣分公司,,,,,,7/9/25,,,360.0,,360.0,,,,中文書 > 輕小說 > 華文戀愛故事,,,,,https://www.eslite.com/product/10012017642682937840003,,
P253-07374,,10012017642682937841000,,,9780020250883,,9780020250883.0,,,勸你趁早喜歡我 1+2 (首刷印簽版/2冊合售),,勸你趁早喜歡我 1+2 (首刷印簽版/2冊合售),,,勸你趁早喜歡我12首刷印簽版2冊合售,,勸你趁早喜歡我12首刷印簽版2冊合售,,,,,,,,葉斐然,,葉斐然,,,,,,,,英屬維京群島商高寶國際有限公司台灣分公司,,英屬維京群島商高寶國際有限公司台灣分公司,,,,,,7/9/25,,,720.0,,720.0,,,,中文書 > 輕小說 > 華文戀愛故事,,,,,https://www.eslite.com/product/10012017642682937841000,,
P253-08688,,,2018563854884.0,,9780020250883,,,9780020250883.0,,勸你趁早喜歡我【01＋02套書∕首刷印簽版】,,,勸你趁早喜歡我【01＋02套書∕首刷印簽版】,,勸你趁早喜歡我01＋02套書∕首刷印簽版,,,勸你趁早喜歡我01＋02套書∕首刷印簽版,,,,,,,葉斐然,,,葉斐然,,,,,,,高寶,,,高寶,,,,,,7/9/25,,720.0,,,720.0,,,,中文書>文學>愛情小說>華文愛情小說,,,,,https://www.kingstone.com.tw/basic/2018563854884/?lid=book_class3_jma&actid=book_class3_jma,
P253-08689,,,2018563854914.0,,9786264022897,,,9786264022897.0,,勸你趁早喜歡我 01,,,勸你趁早喜歡我 01,,勸你趁早喜歡我01,,,勸你趁早喜歡我01,,,,,,,葉斐然,,,葉斐然,,,,,,,高寶,,,高寶,,,,,,7/9/25,,360.0,,,360.0,,,,中文書>文學>愛情小說>華文愛情小說,,,,,https://www.kingstone.com.tw/basic/2018563854914/?lid=book_class3_jma&actid=book_class3_jma,
P253-08690,,,2018563855096.0,,9780020250876,,,9780020250876.0,,勸你趁早喜歡我【01+02套書】,,,勸你趁早喜歡我【01+02套書】,,勸你趁早喜歡我0102套書,,,勸你趁早喜歡我0102套書,,,,,,,葉斐然,,,葉斐然,,,,,,,高寶,,,高寶,,,,,,7/9/25,,720.0,,,720.0,,,,中文書>文學>愛情小說>華文愛情小說,,,,,https://www.kingstone.com.tw/basic/2018563855096/?lid=book_class3_jma&actid=book_class3_jma,
P253-09494,,,2018563864111.0,,9780020250975,,,9780020250975.0,,勸你趁早喜歡我【03＋04（完）套書】,,,勸你趁早喜歡我【03＋04（完）套書】,,勸你趁早喜歡我03＋04完套書,,,勸你趁早喜歡我03＋04完套書,,,,,,,葉斐然,,,葉斐然,,,,,,,高寶,,,高寶,,,,,,7/23/25,,710.0,,,710.0,,,,中文書>文學>愛情小說>華文愛情小說,,,,,https://www.kingstone.com.tw/basic/2018563864111/?lid=book_class3_jma&actid=book_class3_jma,
P253-10966,,,2018563876022.0,,9780020251019,,,9780020251019.0,,勸你趁早喜歡我【首刷印簽版∕01－04套書】,,,勸你趁早喜歡我【首刷印簽版∕01－04套書】,,勸你趁早喜歡我首刷印簽版∕01－04套書,,,勸你趁早喜歡我首刷印簽版∕01－04套書,,,,,,,葉斐然,,,葉斐然,,,,,,,高寶,,,高寶,,,,,,8/13/25,,1430.0,,,1430.0,,,,中文書>文學>愛情小說>華文愛情小說,,,,,https://www.kingstone.com.tw/basic/2018563876022/?lid=book_class3_jma&actid=book_class3_jma,
P253-05756 / P253-07937 / P253-13633,11032855.0,10012011762683001487001,2013120746633.0,,9786264142892,9786264142892.0,9786264142892.0,9786264142892.0,,裂縫碎光：資安數位生存戰,裂縫碎光：資安數位生存戰,裂縫碎光: 資安數位生存戰,裂縫碎光：資安數位生存戰,,裂縫碎光資安數位生存戰,裂縫碎光資安數位生存戰,裂縫碎光資安數位生存戰,裂縫碎光資安數位生存戰,,,,,,,"林芊岑,王冠渝,王旭正","林芊岑,王冠渝,王旭正",王旭正/ 王冠渝/ 林芊岑,王旭正、王冠渝、林芊岑,,,,,,,博碩,博碩,博碩文化股份有限公司,博碩文化,,2025-09-25,2025-09-30,9/25/25,9/30/25,9/30/25,,550.0,550.0,550.0,550.0,,電腦資訊 > 網路/架站 > 資訊安全/駭客/防毒,中文書 > 電腦 > 電腦資訊總論,中文書>電腦資訊>網路／架站>資訊安全／駭客／防毒,,,https://www.books.com.tw/products/0011032855,https://www.eslite.com/product/10012011762683001487001,https://www.kingstone.com.tw/basic/2013120746633/?lid=book_class3_lgb&actid=book_class3_lgb,
P253-14169 / P253-01444 / P253-06661 / P253-12043,11032044.0,10012015282682992517001,2029200080313.0,14791924.0,9786269996315,9786269996315.0,9786269996315.0,9786269996315.0,9786269996315.0,關於有機建築 Über organic architecture,關於有機建築 Über organic architecture,關於有機建築Über Organic Architecture,關於有機建築 Über organic architecture,關於有機建築 Über organic architecture,關於有機建築Überorganicarchitecture,關於有機建築Überorganicarchitecture,關於有機建築ÜberOrganicArchitecture,關於有機建築Überorganicarchitecture,關於有機建築Überorganicarchitecture,,,,,,徐岩奇,徐岩奇,徐岩奇,徐岩奇,徐岩奇,,,,,,田園城市文化,田園城市,田園城市文化事業有限公司,田園城市,田園城市文化,2025-08-31,2025-09-05,8/31/25,9/5/25,8/31/25,8/31/25,1200.0,1200.0,1200.0,1200.0,1200.0,藝術設計 > 建築 > 建築家傳記/文集,中文書 > 📌藝術設計79折起 > 建築,中文書>藝術設計>建築／室內設計>建築師／工作室,中文書 > 藝術設計 > 建築 > 總論,建築藝術總論,https://www.books.com.tw/products/0011032044,https://www.eslite.com/product/10012015282682992517001,https://www.kingstone.com.tw/basic/2029200080313/?lid=book_class3_ogb&actid=book_class3_ogb,https://www.sanmin.com.tw/product/index/014791924
P253-05754 / P253-11222,11029100.0,,2013120742215.0,,9786263339750,9786263339750.0,,9786263339750.0,,想要 SSR?快使用 Nuxt 吧!：Nuxt 讓 Vue.js 更好處理 SEO 搜尋引擎最佳化(iThome鐵人賽系列書),想要 SSR?快使用 Nuxt 吧!：Nuxt 讓 Vue.js 更好處理 SEO 搜尋引擎最佳化(iThome鐵人賽系列書),,想要 SSR?快使用 Nuxt 吧!：Nuxt 讓 Vue.js 更好處理 SEO 搜尋引擎最佳化（iThome鐵人賽系列書）,,想要SSR快使用Nuxt吧Nuxt讓Vuejs更好處理SEO搜尋引擎最佳化iThome鐵人賽系列書,想要SSR快使用Nuxt吧Nuxt讓Vuejs更好處理SEO搜尋引擎最佳化iThome鐵人賽系列書,,想要SSR快使用Nuxt吧Nuxt讓Vuejs更好處理SEO搜尋引擎最佳化iThome鐵人賽系列書,,,,,,,簡明旋 (Ryan),簡明旋 (Ryan),,簡明旋 (Ryan),,,,,,,博碩,博碩,,博碩文化,,2025-08-14,2025-08-18,8/14/25,,8/18/25,,780.0,780.0,,780.0,,電腦資訊 > 網頁開發設計 > 其他網頁設計相關,,中文書>電腦資訊>網頁開發>其他網頁設計,,,https://www.books.com.tw/products/0011029100,,https://www.kingstone.com.tw/basic/2013120742215/?lid=book_class3_lhz&actid=book_class3_lhz,
P253-08001,,10012011762682965950002,,,9786263339750,,9786263339750.0,,,想要SSR? 快使用Nuxt吧! Nuxt讓Vue.js更好處理SEO搜尋引擎最佳化,,想要SSR? 快使用Nuxt吧! Nuxt讓Vue.js更好處理SEO搜尋引擎最佳化,,,想要SSR快使用Nuxt吧Nuxt讓Vuejs更好處理SEO搜尋引擎最佳化,,想要SSR快使用Nuxt吧Nuxt讓Vuejs更好處理SEO搜尋引擎最佳化,,,,,,,,簡明旋 (Ryan),,簡明旋 (Ryan),,,,,,,,博碩文化股份有限公司,,博碩文化股份有限公司,,,,,,8/18/25,,,780.0,,780.0,,,,中文書 > 電腦 > 網路／通訊,,,,,https://www.eslite.com/product/10012011762682965950002,,
P253-00823 / P253-06910 / P253-12720,11031568.0,10012017642682990824002,2018563889695.0,,9786264023429,9786264023429.0,9786264023429.0,9786264023429.0,,國王長著驢耳朵 (上),國王長著驢耳朵 (上),國王長著驢耳朵 上,國王長著驢耳朵（上）,,國王長著驢耳朵上,國王長著驢耳朵上,國王長著驢耳朵上,國王長著驢耳朵上,,,,,,,七寶酥,七寶酥,七寶酥,七寶酥,,,,,,,高寶,高寶,英屬維京群島商高寶國際有限公司台灣分公司,高寶,,2025-09-10,2025-09-10,9/10/25,9/10/25,9/10/25,,390.0,390.0,390.0,390.0,,文學小說 > 愛情小說,中文書 > 📌文學79折起 > 言情小說,中文書>文學>愛情小說>華文愛情小說,,,https://www.books.com.tw/products/0011031568,https://www.eslite.com/product/10012017642682990824002,https://www.kingstone.com.tw/basic/2018563889695/?lid=book_class3_jma&actid=book_class3_jma,
P253-00824 / P253-06911 / P253-12721,11031576.0,10012017642682990825009,2018563889725.0,,9786264023436,9786264023436.0,9786264023436.0,9786264023436.0,,國王長著驢耳朵 (下),國王長著驢耳朵 (下),國王長著驢耳朵 下,國王長著驢耳朵（下）,,國王長著驢耳朵下,國王長著驢耳朵下,國王長著驢耳朵下,國王長著驢耳朵下,,,,,,,七寶酥,七寶酥,七寶酥,七寶酥,,,,,,,高寶,高寶,英屬維京群島商高寶國際有限公司台灣分公司,高寶,,2025-09-10,2025-09-10,9/10/25,9/10/25,9/10/25,,390.0,390.0,390.0,390.0,,文學小說 > 愛情小說,中文書 > 📌文學79折起 > 言情小說,中文書>文學>愛情小說>華文愛情小說,,,https://www.books.com.tw/products/0011031576,https://www.eslite.com/product/10012017642682990825009,https://www.kingstone.com.tw/basic/2018563889725/?lid=book_class3_jma&actid=book_class3_jma,
P253-00825 / P253-12722,11031581.0,,2018563889855.0,,9786264023443,9786264023443.0,,9786264023443.0,,國王長著驢耳朵 【上下套書】,國王長著驢耳朵 【上下套書】,,國王長著驢耳朵【上下套書】,,國王長著驢耳朵上下套書,國王長著驢耳朵上下套書,,國王長著驢耳朵上下套書,,,,,,,七寶酥,七寶酥,,七寶酥,,,,,,,高寶,高寶,,高寶,,2025-09-10,2025-09-10,9/10/25,,9/10/25,,780.0,780.0,,780.0,,文學小說 > 愛情小說,,中文書>文學>愛情小說>華文愛情小說,,,https://www.books.com.tw/products/0011031581,,https://www.kingstone.com.tw/basic/2018563889855/?lid=book_class3_jma&actid=book_class3_jma,
P253-06914,,10012017642682990826006,,,9786264023443,,9786264023443.0,,,國王長著驢耳朵 上下 (2冊合售),,國王長著驢耳朵 上下 (2冊合售),,,國王長著驢耳朵上下2冊合售,,國王長著驢耳朵上下2冊合售,,,,,,,,七寶酥,,七寶酥,,,,,,,,英屬維京群島商高寶國際有限公司台灣分公司,,英屬維京群島商高寶國際有限公司台灣分公司,,,,,,9/10/25,,,780.0,,780.0,,,,中文書 > 📌文學79折起 > 言情小說,,,,,https://www.eslite.com/product/10012017642682990826006,,
P253-16306 / P253-02721 / P253-08272,11024264.0,,2028700500857.0,14485021.0,9786267482520,9786267482520.0,,9786267482520.0,9786267482520.0,推推記憶遊戲書：動物大考驗,推推記憶遊戲書：動物大考驗,,推推記憶遊戲書：動物大考驗,推推記憶遊戲書：動物大考驗,推推記憶遊戲書動物大考驗,推推記憶遊戲書動物大考驗,,推推記憶遊戲書動物大考驗,推推記憶遊戲書動物大考驗,,Animals  memory game book,,,,"Out Of The Box Books-作, Christos Skaltsas-繪",Out Of The Box Books,,Out Of The Box Books,"Out Of The Box Books-作, Christos Skaltsas-繪",廖佳儀,廖佳儀,,廖佳儀,廖佳儀,禾流文創,禾流文創,,禾流文創,禾流文創,2025-07-01,2025-07-01,7/1/25,,7/1/25,7/1/25,399.0,399.0,,399.0,399.0,童書/青少年文學 > 幼幼書 > 字卡/掛圖/幼幼拼圖 | 童書/青少年文學 > 0-3歲,,中文書>童書／青少年>幼幼書(0-6)>生活學習,中文書 > 社會人文 > 社會學 > 教育 > 初等教育,兒童研究,https://www.books.com.tw/products/0011024264,,https://www.kingstone.com.tw/basic/2028700500857/?lid=book_class3_nai&actid=book_class3_nai,https://www.sanmin.com.tw/product/index/014485021
P253-16305 / P253-02720 / P253-08273,11024261.0,,2028700500987.0,14485022.0,9786267482537,9786267482537.0,,9786267482537.0,9786267482537.0,推推記憶遊戲書：海洋大考驗,推推記憶遊戲書：海洋大考驗,,推推記憶遊戲書：海洋大考驗,推推記憶遊戲書：海洋大考驗,推推記憶遊戲書海洋大考驗,推推記憶遊戲書海洋大考驗,,推推記憶遊戲書海洋大考驗,推推記憶遊戲書海洋大考驗,,Beneath the ocean memory game book,,,,"Out Of The Box Books-作, Christos Skaltsas-繪",Out Of The Box Books,,Out Of The Box Books,"Out Of The Box Books-作, Christos Skaltsas-繪",廖佳儀,廖佳儀,,廖佳儀,廖佳儀,禾流文創,禾流文創,,禾流文創,禾流文創,2025-07-01,2025-07-01,7/1/25,,7/1/25,7/1/25,399.0,399.0,,399.0,399.0,童書/青少年文學 > 幼幼書 > 字卡/掛圖/幼幼拼圖 | 童書/青少年文學 > 0-3歲,,中文書>童書／青少年>幼幼書(0-6)>生活學習,中文書 > 社會人文 > 社會學 > 教育 > 初等教育,兒童研究,https://www.books.com.tw/products/0011024261,,https://www.kingstone.com.tw/basic/2028700500987/?lid=book_class3_nai&actid=book_class3_nai,https://www.sanmin.com.tw/product/index/014485022
P253-05762 / P253-07994 / P253-12651,11031181.0,10012011762682985966007,2014713689931.0,,9786264251488,9786264251488.0,9786264251488.0,9786264251488.0,,Docker建置與執行 第三版,Docker建置與執行 第三版,Docker建置與執行 (第3版),Docker建置與執行 第三版,,Docker建置與執行第三版,Docker建置與執行第三版,Docker建置與執行第3版,Docker建置與執行第三版,,"Docker: Up & Running, 3rd Edition","Docker: Up & Running, 3rd Edition","Docker: Up & Running, 3rd Edition",,,"Karl Matthias,Sean Kane","Karl Matthias,Sean Kane",Sean Kane/ Karl Matthias,Sean Kane、Karl Matthias,,林班侯,林班侯,林班侯,林班侯,,歐萊禮,歐萊禮,美商歐萊禮股份有限公司台灣分公司,歐萊禮,,2025-09-10,2025-09-15,9/10/25,9/15/25,9/10/25,,880.0,880.0,880.0,880.0,,電腦資訊 > 網路/架站 > 雲端技術,中文書 > 電腦 > 作業系統,中文書>電腦資訊>網路／架站>架站技術,,,https://www.books.com.tw/products/0011031181,https://www.eslite.com/product/10012011762682985966007,https://www.kingstone.com.tw/basic/2014713689931/?lid=book_class3_lgd&actid=book_class3_lgd,
P253-00870 / P253-00871 / P253-00872,11032718.0,,,,9786264023535 / 9786264023542 / 9786264023559,9786264023535.0,,,,逐玉【第一部】(上卷)：同名電視劇原著小說,逐玉【第一部】(上卷)：同名電視劇原著小說,,,,逐玉第一部上卷同名電視劇原著小說,逐玉第一部上卷同名電視劇原著小說,,,,,,,,,團子來襲,團子來襲,,,,,,,,,高寶,高寶,,,,2025-09-24,2025-09-24,9/24/25,,,,360.0,360.0,,,,文學小說 > 羅曼史/言情小說 > 華文羅曼史,,,,,https://www.books.com.tw/products/0011032718,,,
P253-00876,11032724.0,,,,9786264023566,9786264023566.0,,,,逐玉【第一部】(上中下卷套書)：同名電視劇原著小說,逐玉【第一部】(上中下卷套書)：同名電視劇原著小說,,,,逐玉第一部上中下卷套書同名電視劇原著小說,逐玉第一部上中下卷套書同名電視劇原著小說,,,,,,,,,團子來襲,團子來襲,,,,,,,,,高寶,高寶,,,,,,9/24/25,,,,1080.0,1080.0,,,,文學小說 > 羅曼史/言情小說 > 華文羅曼史,,,,,https://www.books.com.tw/products/0011032724,,,
P253-13288 / P253-13289,,,2018563892978.0,,9786264023535 / 9786264023542,,,9786264023535.0,,逐玉【第一部】(上卷),,,逐玉【第一部】(上卷),,逐玉第一部上卷,,,逐玉第一部上卷,,,,,,,團子來襲,,,團子來襲,,,,,,,高寶,,,高寶,,2025-09-24,2025-09-24,,,9/24/25,,360.0,,,360.0,,,,中文書>羅曼史>古代羅曼史>古代小說,,,,,https://www.kingstone.com.tw/basic/2018563892978/?lid=book_class3_rlc&actid=book_class3_rlc,
P253-13290,,,2018563893180.0,,9786264023559,,,9786264023559.0,,逐玉【第一部】(下卷),,,逐玉【第一部】(下卷),,逐玉第一部下卷,,,逐玉第一部下卷,,,,,,,團子來襲,,,團子來襲,,,,,,,高寶,,,高寶,,,,,,9/24/25,,360.0,,,360.0,,,,中文書>羅曼史>古代羅曼史>古代小說,,,,,https://www.kingstone.com.tw/basic/2018563893180/?lid=book_class3_rlc&actid=book_class3_rlc,
P253-13291,,,2018563893210.0,,9786264023566,,,9786264023566.0,,逐玉【第一部】【上中下套書】,,,逐玉【第一部】【上中下套書】,,逐玉第一部上中下套書,,,逐玉第一部上中下套書,,,,,,,團子來襲,,,團子來襲,,,,,,,高寶,,,高寶,,,,,,9/24/25,,1080.0,,,1080.0,,,,中文書>羅曼史>古代羅曼史>古代小說,,,,,https://www.kingstone.com.tw/basic/2018563893210/?lid=book_class3_rlc&actid=book_class3_rlc,
P253-14601 / P253-00275 / P253-11176,11029103.0,,2018630830728.0,14738523.0,9786269989300,9786269989300.0,,9786269989300.0,9786269989300.0,重返月球博物館,重返月球博物館,,重返月球博物館,重返月球博物館,重返月球博物館,重返月球博物館,,重返月球博物館,重返月球博物館,,,,,,煮雪的人,煮雪的人,,煮雪的人,煮雪的人,,,,,,鏡好讀,鏡好讀,,鏡好讀,鏡好讀,2025-08-15,2025-08-15,8/15/25,,8/15/25,8/15/25,360.0,360.0,,360.0,360.0,文學小說 > 詩 > 華文現代詩,,中文書>文學>現代詩>華文現代詩,中文書 > 文學作品 > 文學 > 東方文學 > 遠東各地文學,詩,https://www.books.com.tw/products/0011029103,,https://www.kingstone.com.tw/basic/2018630830728/?lid=book_class3_jea&actid=book_class3_jea,https://www.sanmin.com.tw/product/index/014738523
P253-16046 / P253-08398,,,2011910285188.0,14516928.0,9786263905801,,,9786263905801.0,9786263905801.0,向人生提問的藝術,,,向人生提問的藝術,向人生提問的藝術,向人生提問的藝術,,,向人生提問的藝術,向人生提問的藝術,Fragen an das Leben,,,,Fragen an das Leben,魯爾夫.杜伯里,,,魯爾夫．杜伯里,魯爾夫.杜伯里,王榮輝,,,王榮輝,王榮輝,商周文化,,,商周出版,商周文化,2025-07-03,2025-07-03,,,7/3/25,7/3/25,330.0,,,330.0,330.0,,,中文書>社會哲思>哲學／當代思潮>當代思潮,中文書 > 社會人文 > 哲學 > 東方哲學 > 人生哲學,人生哲學,,,https://www.kingstone.com.tw/basic/2011910285188/?lid=book_class3_hkf&actid=book_class3_hkf,https://www.sanmin.com.tw/product/index/014516928
P253-16064,,,,14762588.0,9786263906419,,,,9786263906419.0,豐盛之流：連結宇宙意識開啟豐饒之門,,,,豐盛之流：連結宇宙意識開啟豐饒之門,豐盛之流連結宇宙意識開啟豐饒之門,,,,豐盛之流連結宇宙意識開啟豐饒之門,,,,,,Asha (Asha Huang),,,,Asha (Asha Huang),,,,,,商周文化,,,,商周文化,,,,,,8/30/25,380.0,,,,380.0,,,,中文書 > 社會人文 > 哲學 > 東方哲學 > 個人倫理,修身,,,,https://www.sanmin.com.tw/product/index/014762588
P253-02233 / P253-11998,11029822.0,,2011920809824.0,,9786263906419,9786263906419.0,,9786263906419.0,,豐盛之流,豐盛之流,,豐盛之流,,豐盛之流,豐盛之流,,豐盛之流,,,,,,,Asha,Asha,,Asha,,,,,,,商周出版,商周出版,,商周出版,,2025-08-30,2025-08-30,8/30/25,,8/30/25,,380.0,380.0,,380.0,,宗教命理 > 新時代 > 靈性療癒/成長,,中文書>心理勵志>自我成長>吸引力法則,,,https://www.books.com.tw/products/0011029822,,https://www.kingstone.com.tw/basic/2011920809824/?lid=book_class3_cea&actid=book_class3_cea,
P253-14618,,,,14739390.0,9789863878681,,,,9789863878681.0,危崖有花,,,,危崖有花,危崖有花,,,,危崖有花,,,,,,吳音寧,,,,吳音寧,,,,,,印刻,,,,印刻,,,,,,8/12/25,350.0,,,,350.0,,,,中文書 > 文學作品 > 文學 > 東方文學 > 遠東各地文學,詩,,,,https://www.sanmin.com.tw/product/index/014739390
P253-00277 / P253-10907,11029456.0,,2018630832272.0,,9789863878681,9789863878681.0,,9789863878681.0,,危崖有花(二版),危崖有花(二版),,危崖有花(二版),,危崖有花二版,危崖有花二版,,危崖有花二版,,,,,,,吳音寧,吳音寧,,吳音寧,,,,,,,印刻,印刻,,印刻,,2025-08-12,2025-08-12,8/12/25,,8/12/25,,350.0,350.0,,350.0,,文學小說 > 詩 > 華文現代詩,,中文書>文學>現代詩>華文現代詩,,,https://www.books.com.tw/products/0011029456,,https://www.kingstone.com.tw/basic/2018630832272/?lid=book_class3_jea&actid=book_class3_jea,
P253-07766,,10012014082682951895003,,,,,,,,學日本人這樣喝: 日本居酒屋遺產東日本篇+西日本篇 (附私の居酒屋手帳/2冊合售),,學日本人這樣喝: 日本居酒屋遺產東日本篇+西日本篇 (附私の居酒屋手帳/2冊合售),,,學日本人這樣喝日本居酒屋遺產東日本篇西日本篇附私の居酒屋手帳2冊合售,,學日本人這樣喝日本居酒屋遺產東日本篇西日本篇附私の居酒屋手帳2冊合售,,,日本居酒屋遺產 東日本編/ 日本居酒屋遺産 西日本編,,日本居酒屋遺產 東日本編/ 日本居酒屋遺産 西日本編,,,太田和彥,,太田和彥,,,黃筱涵,,黃筱涵,,,三采文化股份有限公司,,三采文化股份有限公司,,,,,,8/8/25,,,1000.0,,1000.0,,,,中文書 > 飲食 > 飲食總論,,,,,https://www.eslite.com/product/10012014082682951895003,,
P253-10759,,,2014830076768.0,,4711528700766.0,,,4711528700766.0,,學日本人這樣喝：日本居酒屋遺產 東日本篇+西日本篇（套書加贈「私?居酒屋手帳」）,,,學日本人這樣喝：日本居酒屋遺產 東日本篇+西日本篇（套書加贈「私?居酒屋手帳」）,,學日本人這樣喝日本居酒屋遺產東日本篇西日本篇套書加贈私居酒屋手帳,,,學日本人這樣喝日本居酒屋遺產東日本篇西日本篇套書加贈私居酒屋手帳,,,,,,,太田和彥,,,太田和彥,,黃筱涵,,,黃筱涵,,三采,,,三采,,,,,,8/8/25,,1000.0,,,1000.0,,,,中文書>飲食料理>飲食生活>飲食生活／文化,,,,,https://www.kingstone.com.tw/basic/2014830076768/?lid=book_class3_fic&actid=book_class3_fic,
P253-05818 / P253-11936,11033045.0,,2018020629215.0,,9786263863088,9786263863088.0,,9786263863088.0,,瞻彼淇奧：沈寶春教授七秩壽慶論文集,瞻彼淇奧：沈寶春教授七秩壽慶論文集,,瞻彼淇奧：沈寶春教授七秩壽慶論文集,,瞻彼淇奧沈寶春教授七秩壽慶論文集,瞻彼淇奧沈寶春教授七秩壽慶論文集,,瞻彼淇奧沈寶春教授七秩壽慶論文集,,,,,,,高佑仁,高佑仁,,高佑仁 主編,,,,,,,萬卷樓,萬卷樓,,萬卷樓,,2025-08-29,2025-08-29,8/29/25,,8/29/25,,1280.0,1280.0,,1280.0,,專業/教科書/政府出版品 > 文史哲類 > 中文 > 文字學,,中文書>文學>文學總論／研究>華文文學研究,,,https://www.books.com.tw/products/0011033045,,https://www.kingstone.com.tw/basic/2018020629215/?lid=book_class3_jaa&actid=book_class3_jaa,
P253-00463,11033016,,,,9786264400282,9786264400282,,,,太一道果14,太一道果14,,,,太一道果14,太一道果14,,,,,,,,,銜雨,銜雨,,,,,,,,,說頻文化,說頻文化,,,,,,9/26/25,,,,190.0,190,,,,文學小說 > 科幻/奇幻小說 > 其他科幻/奇幻小說,,,,,https://www.books.com.tw/products/0011033016,,,
P253-00476,11033014,,,,9786264400275,9786264400275,,,,太一道果13,太一道果13,,,,太一道果13,太一道果13,,,,,,,,,銜雨,銜雨,,,,,,,,,說頻文化,說頻文化,,,,,,9/24/25,,,,190.0,190,,,,文學小說 > 科幻/奇幻小說 > 其他科幻/奇幻小說,,,,,https://www.books.com.tw/products/0011033014,,,
P253-00494,11032392,,,,9786264219907,9786264219907,,,,太一道果12,太一道果12,,,,太一道果12,太一道果12,,,,,,,,,銜雨,銜雨,,,,,,,,,說頻文化,說頻文化,,,,,,9/19/25,,,,190.0,190,,,,文學小說 > 科幻/奇幻小說 > 其他科幻/奇幻小說,,,,,https://www.books.com.tw/products/0011032392,,,
P253-00505,11032388,,,,9786264219891,9786264219891,,,,太一道果11,太一道果11,,,,太一道果11,太一道果11,,,,,,,,,銜雨,銜雨,,,,,,,,,說頻文化,說頻文化,,,,,,9/17/25,,,,190.0,190,,,,文學小說 > 科幻/奇幻小說 > 其他科幻/奇幻小說,,,,,https://www.books.com.tw/products/0011032388,,,
P253-00530,11031884,,,,9786264219525,9786264219525,,,,太一道果10,太一道果10,,,,太一道果10,太一道果10,,,,,,,,,銜雨,銜雨,,,,,,,,,說頻文化,說頻文化,,,,,,9/10/25,,,,190.0,190,,,,文學小說 > 科幻/奇幻小說 > 其他科幻/奇幻小說,,,,,https://www.books.com.tw/products/0011031884,,,
P253-00557,11031329,,,,9786264219518,9786264219518,,,,太一道果09,太一道果09,,,,太一道果09,太一道果09,,,,,,,,,銜雨,銜雨,,,,,,,,,說頻文化,說頻文化,,,,,,9/3/25,,,,190.0,190,,,,文學小說 > 科幻/奇幻小說 > 其他科幻/奇幻小說,,,,,https://www.books.com.tw/products/0011031329,,,
P253-00584,11030789,,,,9786264219402,9786264219402,,,,太一道果08,太一道果08,,,,太一道果08,太一道果08,,,,,,,,,銜雨,銜雨,,,,,,,,,說頻文化,說頻文化,,,,,,8/27/25,,,,190.0,190,,,,文學小說 > 科幻/奇幻小說 > 其他科幻/奇幻小說,,,,,https://www.books.com.tw/products/0011030789,,,
P253-00596,11029870,,,,9786264219303,9786264219303,,,,太一道果07,太一道果07,,,,太一道果07,太一道果07,,,,,,,,,銜雨,銜雨,,,,,,,,,說頻文化,說頻文化,,,,,,8/22/25,,,,190.0,190,,,,文學小說 > 科幻/奇幻小說 > 其他科幻/奇幻小說,,,,,https://www.books.com.tw/products/0011029870,,,
P253-00609,11029869,,,,9786264219228,9786264219228,,,,太一道果06,太一道果06,,,,太一道果06,太一道果06,,,,,,,,,銜雨,銜雨,,,,,,,,,說頻文化,說頻文化,,,,,,8/20/25,,,,190.0,190,,,,文學小說 > 科幻/奇幻小說 > 其他科幻/奇幻小說,,,,,https://www.books.com.tw/products/0011029869,,,
P253-00629,11029310,,,,9786264219211,9786264219211,,,,太一道果05,太一道果05,,,,太一道果05,太一道果05,,,,,,,,,銜雨,銜雨,,,,,,,,,說頻文化,說頻文化,,,,,,8/15/25,,,,190.0,190,,,,文學小說 > 科幻/奇幻小說 > 其他科幻/奇幻小說,,,,,https://www.books.com.tw/products/0011029310,,,
P253-00638,11029308,,,,9786264216753,9786264216753,,,,太一道果04,太一道果04,,,,太一道果04,太一道果04,,,,,,,,,銜雨,銜雨,,,,,,,,,說頻文化,說頻文化,,,,,,8/13/25,,,,190.0,190,,,,文學小說 > 科幻/奇幻小說 > 其他科幻/奇幻小說,,,,,https://www.books.com.tw/products/0011029308,,,
P253-00659,11028787,,,,9786264216746,9786264216746,,,,太一道果03,太一道果03,,,,太一道果03,太一道果03,,,,,,,,,銜雨,銜雨,,,,,,,,,說頻文化,說頻文化,,,,,,8/6/25,,,,190.0,190,,,,文學小說 > 科幻/奇幻小說 > 其他科幻/奇幻小說,,,,,https://www.books.com.tw/products/0011028787,,,
P253-00688,11028181,,,,9786264216722,9786264216722,,,,太一道果01,太一道果01,,,,太一道果01,太一道果01,,,,,,,,,銜雨,銜雨,,,,,,,,,說頻文化,說頻文化,,,,,,7/30/25,,,,190.0,190,,,,文學小說 > 科幻/奇幻小說 > 其他科幻/奇幻小說,,,,,https://www.books.com.tw/products/0011028181,,,
P253-00691,11028186,,,,9786264216739,9786264216739,,,,太一道果02,太一道果02,,,,太一道果02,太一道果02,,,,,,,,,銜雨,銜雨,,,,,,,,,說頻文化,說頻文化,,,,,,7/30/25,,,,190.0,190,,,,文學小說 > 科幻/奇幻小說 > 其他科幻/奇幻小說,,,,,https://www.books.com.tw/products/0011028186,,,
P253-04984,11031148,,,,9786264342636,9786264342636,,,,DOGSRED—冰上狂犬—(03),DOGSRED—冰上狂犬—(03),,,,DOGSRED冰上狂犬03,DOGSRED冰上狂犬03,,,,ドッグスレッド,ドッグスレッド,,,,野田サトル,野田サトル,,,,洪湘雲,洪湘雲,,,,尖端,尖端,,,,,,9/9/25,,,,150.0,150,,,,漫畫/圖文書 > 運動／競技,,,,,https://www.books.com.tw/products/0011031148,,,
P253-05010,11026330,,,,9786264340953,9786264340953,,,,DOGSRED—冰上狂犬—(01),DOGSRED—冰上狂犬—(01),,,,DOGSRED冰上狂犬01,DOGSRED冰上狂犬01,,,,ドッグスレッド,ドッグスレッド,,,,野田サトル,野田サトル,,,,洪湘雲,洪湘雲,,,,尖端,尖端,,,,,,7/24/25,,,,150.0,150,,,,漫畫/圖文書 > 運動／競技,,,,,https://www.books.com.tw/products/0011026330,,,
P253-05011,11026331,,,,9786264340960,9786264340960,,,,DOGSRED—冰上狂犬—(02),DOGSRED—冰上狂犬—(02),,,,DOGSRED冰上狂犬02,DOGSRED冰上狂犬02,,,,ドッグスレッド,ドッグスレッド,,,,野田サトル,野田サトル,,,,洪湘雲,洪湘雲,,,,尖端,尖端,,,,,,7/24/25,,,,150.0,150,,,,漫畫/圖文書 > 運動／競技,,,,,https://www.books.com.tw/products/0011026331,,,
P253-07703 / P253-10523,,10012010542682958559007,2019990188207.0,,9786267567395,,9786267567395.0,9786267567395.0,,戰車模型單色塗裝指南,,戰車模型單色塗裝指南,戰車模型單色塗裝指南,,戰車模型單色塗裝指南,,戰車模型單色塗裝指南,戰車模型單色塗裝指南,,戦車模型単色仕上げガイド,,戦車模型単色仕上げガイド,,,アーマーモデリング編輯部,,アーマーモデリング編輯部,アーマーモデリング編輯部,,邱顯惠,,邱顯惠,邱顯惠,,北星圖書事業股份有限公司,,北星圖書事業股份有限公司,北星,,2025-08-01,2025-08-05,,8/1/25,8/5/25,,520.0,,520.0,520.0,,,中文書 > 生活風格 > 收藏與嗜好,中文書>生活風格>手作設計>黏土／模型／娃娃屋,,,,https://www.eslite.com/product/10012010542682958559007,https://www.kingstone.com.tw/basic/2019990188207/?lid=book_class3_fde&actid=book_class3_fde,
P253-05825 / P253-13389,11032802.0,,2017330358846.0,,9786264237000,9786264237000.0,,9786264237000.0,,屏東學概論(3版),屏東學概論(3版),,屏東學概論 (第3版),,屏東學概論3版,屏東學概論3版,,屏東學概論第3版,,,,,,,"佐藤敏洋,余慧珠,余昭玟,周明傑,張月環,張繼文,易毅成,李錦旭,李馨慈,林秀蓉,潘怡靜,賀瑞麟,郭東雄,黃文車","佐藤敏洋,余慧珠,余昭玟,周明傑,張月環,張繼文,易毅成,李錦旭,李馨慈,林秀蓉,潘怡靜,賀瑞麟,郭東雄,黃文車",,李錦旭 等,,,,,,,五南,五南,,五南,,2025-09-25,2025-09-25,9/25/25,,9/25/25,,560.0,560.0,,560.0,,專業/教科書/政府出版品 > 文史哲類 > 歷史 > 台灣史,,中文書>考試書／政府出版品>大學教科用書>文史哲學群,,,https://www.books.com.tw/products/0011032802,,https://www.kingstone.com.tw/basic/2017330358846/?lid=book_class3_ioa&actid=book_class3_ioa,
P253-00479,11033020,,,,9786264218054,9786264218054,,,,無上天尊03,無上天尊03,,,,無上天尊03,無上天尊03,,,,,,,,,開荒,開荒,,,,,,,,,說頻文化,說頻文化,,,,,,9/24/25,,,,190.0,190,,,,文學小說 > 科幻/奇幻小說 > 其他科幻/奇幻小說,,,,,https://www.books.com.tw/products/0011033020,,,
P253-00501,11032380,,,,9786264218030,9786264218030,,,,無上天尊01,無上天尊01,,,,無上天尊01,無上天尊01,,,,,,,,,開荒,開荒,,,,,,,,,說頻文化,說頻文化,,,,,,9/17/25,,,,190.0,190,,,,文學小說 > 科幻/奇幻小說 > 其他科幻/奇幻小說,,,,,https://www.books.com.tw/products/0011032380,,,
P253-00502,11032381,,,,9786264218047,9786264218047,,,,無上天尊02,無上天尊02,,,,無上天尊02,無上天尊02,,,,,,,,,開荒,開荒,,,,,,,,,說頻文化,說頻文化,,,,,,9/17/25,,,,190.0,190,,,,文學小說 > 科幻/奇幻小說 > 其他科幻/奇幻小說,,,,,https://www.books.com.tw/products/0011032381,,,
P253-16579 / P253-01554,11025559.0,,,14516935.0,9786269783960,9786269783960.0,,,9786269783960.0,地面師詐術全破解：全民反詐實戰手冊,地面師詐術全破解：全民反詐實戰手冊,,,地面師詐術全破解：全民反詐實戰手冊,地面師詐術全破解全民反詐實戰手冊,地面師詐術全破解全民反詐實戰手冊,,,地面師詐術全破解全民反詐實戰手冊,,,,,,張欣民,張欣民,,,張欣民,,,,,,智庫雲端,智庫雲端,,,智庫雲端,2025-07-09,2025-07-09,7/9/25,,,7/9/25,420.0,420.0,,,420.0,商業理財 > 投資理財 > 房地產 | 人文社科 > 法律 > 生活法律與應用 > 住屋/買房,,,中文書 > 社會人文 > 政治/法律/軍事 > 法律 > 刑法,侵害個人法益的犯罪,https://www.books.com.tw/products/0011025559,,,https://www.sanmin.com.tw/product/index/014516935
P253-17050,,,,14774989.0,9786263895720,,,,9786263895720.0,會計學（含中級會計）,,,,會計學（含中級會計）,會計學含中級會計,,,,會計學含中級會計,,,,,,柏威,,,,柏威,,,,,,志聖教育文化出版社,,,,志聖教育文化出版社,,,,,,8/29/25,800.0,,,,800.0,,,,中文書 > 財經企管 > 商業財經 > 會計,會計學,,,,https://www.sanmin.com.tw/product/index/014774989
P253-17051,,,,14916612.0,9786264014236,,,,9786264014236.0,會計學：基礎篇,,,,會計學：基礎篇,會計學基礎篇,,,,會計學基礎篇,,,,,,"鄭凱文, 陳昭靜",,,,"鄭凱文, 陳昭靜",,,,,,全華圖書,,,,全華圖書,,,,,,7/1/25,420.0,,,,420.0,,,,中文書 > 財經企管 > 商業財經 > 會計,會計學,,,,https://www.sanmin.com.tw/product/index/014916612
P253-17047,,,,14774138.0,9786264236355,,,,9786264236355.0,會計學,,,,會計學,會計學,,,,會計學,,,,,,馬嘉應,,,,馬嘉應,,,,,,五南圖書出版,,,,五南圖書出版,,,,,,8/25/25,650.0,,,,650.0,,,,中文書 > 財經企管 > 商業財經 > 會計,會計學,,,,https://www.sanmin.com.tw/product/index/014774138
P253-05859 / P253-08142 / P253-11573,11031060.0,10012106902682980918001,2014950134867.0,,9786263921450,9786263921450.0,9786263921450.0,9786263921450.0,,會計學(第二版),會計學(第二版),會計學 (第2版),會計學（第二版）,,會計學第二版,會計學第二版,會計學第2版,會計學第二版,,,,,,,邱天佑,邱天佑,邱天佑,邱天佑,,,,,,,新文京,新文京,新文京開發出版股份有限公司,新文京,,2025-08-25,2025-08-25,8/25/25,8/25/25,8/25/25,,580.0,580.0,580.0,580.0,,專業/教科書/政府出版品 > 財經類 > 會計 > 會計學,中文書 > 商業財經 > 會計,中文書>財經企管>管理實務>會計,,,https://www.books.com.tw/products/0011031060,https://www.eslite.com/product/10012106902682980918001,https://www.kingstone.com.tw/basic/2014950134867/?lid=book_class3_med&actid=book_class3_med,
P253-05860,11031500.0,,,,9786264236355,9786264236355.0,,,,會計學(7版),會計學(7版),,,,會計學7版,會計學7版,,,,,,,,,馬嘉應,馬嘉應,,,,,,,,,五南,五南,,,,,,8/25/25,,,,650.0,650.0,,,,專業/教科書/政府出版品 > 財經類 > 會計 > 會計學,,,,,https://www.books.com.tw/products/0011031500,,,
P253-05865,11035580.0,,,,9786264014236,9786264014236.0,,,,會計學-基礎篇(第五版),會計學-基礎篇(第五版),,,,會計學基礎篇第五版,會計學基礎篇第五版,,,,,,,,,"鄭凱文,陳昭靜","鄭凱文,陳昭靜",,,,,,,,,全華圖書,全華圖書,,,,,,8/14/25,,,,420.0,420.0,,,,專業/教科書/政府出版品 > 財經類 > 會計 > 會計學,,,,,https://www.books.com.tw/products/0011035580,,,
P253-08143 / P253-11574,,10012011042682988597000,2014950134997.0,,9786264236355,,9786264236355.0,9786264236355.0,,會計學 (第7版),,會計學 (第7版),會計學(第7版),,會計學第7版,,會計學第7版,會計學第7版,,,,,,,馬嘉應,,馬嘉應,馬嘉應,,,,,,,五南圖書出版股份有限公司,,五南圖書出版股份有限公司,五南,,2025-08-25,2025-08-25,,8/25/25,8/25/25,,650.0,,650.0,650.0,,,中文書 > 商業財經 > 會計,中文書>考試書／政府出版品>大學教科用書>財經學群,,,,https://www.eslite.com/product/10012011042682988597000,https://www.kingstone.com.tw/basic/2014950134997/?lid=book_class3_iog&actid=book_class3_iog,
P253-13121,,,2015218583823.0,,9786263915251,,,9786263915251.0,,會計學(下)升學複習講義含解析本-商管群-2026年-新一代-科大四技-附贈MOSME,,,會計學(下)升學複習講義含解析本-商管群-2026年-新一代-科大四技-附贈MOSME,,會計學下升學複習講義含解析本商管群2026年新一代科大四技附贈MOSME,,,會計學下升學複習講義含解析本商管群2026年新一代科大四技附贈MOSME,,,,,,,吳秀蓮,,,吳秀蓮,,,,,,,台科大,,,台科大,,,,,,9/19/25,,350.0,,,350.0,,,,中文書>考試書／政府出版品>升科大四技>語言／商管,,,,,https://www.kingstone.com.tw/basic/2015218583823/?lid=book_class3_imb&actid=book_class3_imb,
P253-15317 / P253-02426 / P253-07872 / P253-13354,11032490.0,10012016082682996540005,2014130517305.0,14842274.0,9789863925798,9789863925798.0,9789863925798.0,9789863925798.0,9789863925798.0,讀懂中醫：見微知著的望聞問切，溫熱寒涼的百草藥性,讀懂中醫：見微知著的望聞問切，溫熱寒涼的百草藥性,"讀懂中醫: 見微知著的望聞問切, 溫熱寒涼的百草藥性",讀懂中醫：見微知著的望聞問切，溫熱寒涼的百草藥性,讀懂中醫：見微知著的望聞問切，溫熱寒涼的百草藥性,讀懂中醫見微知著的望聞問切溫熱寒涼的百草藥性,讀懂中醫見微知著的望聞問切溫熱寒涼的百草藥性,讀懂中醫見微知著的望聞問切溫熱寒涼的百草藥性,讀懂中醫見微知著的望聞問切溫熱寒涼的百草藥性,讀懂中醫見微知著的望聞問切溫熱寒涼的百草藥性,,,,,,劉榮奇,劉榮奇,劉榮奇,劉榮奇,劉榮奇,,,,,,海鷹文化,海鷹文化,海鷹文化,海鷹文化,海鷹文化,2025-09-25,2025-09-25,9/25/25,9/25/25,9/25/25,9/25/25,480.0,480.0,480.0,480.0,480.0,醫療保健 > 中醫醫學 > 總論/典籍,中文書 > 醫學保健 > 中醫,中文書>醫療保健>中醫養生>中醫總論,中文書 > 醫療保健 > 中國醫方/草本 > 其他,中國醫學,https://www.books.com.tw/products/0011032490,https://www.eslite.com/product/10012016082682996540005,https://www.kingstone.com.tw/basic/2014130517305/?lid=book_class3_gea&actid=book_class3_gea,https://www.sanmin.com.tw/product/index/014842274
P253-14821,,,,14729811.0,9786263842335,,,,9786263842335.0,太陽召喚03(完)：毀滅新生,,,,太陽召喚03(完)：毀滅新生,太陽召喚03完毀滅新生,,,,太陽召喚03完毀滅新生,Ruin and Rising,,,,Ruin and Rising,莉.巴度格,,,,莉.巴度格,林零,,,,林零,蓋亞文化,,,,蓋亞文化,,,,,,8/20/25,460.0,,,,460.0,,,,中文書 > 文學作品 > 小說 > 推理小說 > 美國小說,美國文學,,,,https://www.sanmin.com.tw/product/index/014729811
P253-00455 / P253-11366,11029454.0,,2018741181788.0,,9786263842335,9786263842335.0,,9786263842335.0,,太陽召喚3 毀滅新生(完),太陽召喚3 毀滅新生(完),,太陽召喚3 毀滅新生（完）,,太陽召喚3毀滅新生完,太陽召喚3毀滅新生完,,太陽召喚3毀滅新生完,,Ruin and Rising,Ruin and Rising,,Ruin and Rising,,莉・巴度格,莉・巴度格,,莉・巴度格,,林零,林零,,林零,,蓋亞,蓋亞,,蓋亞文化,,2025-08-20,2025-08-20,8/20/25,,8/20/25,,460.0,460.0,,460.0,,文學小說 > 翻譯文學 > 美國文學 | 文學小說 > 科幻/奇幻小說 > 歐美科幻/奇幻小說,,中文書>文學>奇幻／科幻小說>翻譯奇幻小說,,,https://www.books.com.tw/products/0011029454,,https://www.kingstone.com.tw/basic/2018741181788/?lid=book_class3_jjd&actid=book_class3_jjd,
P253-15541 / P253-02342 / P253-07306 / P253-13254,11031383.0,10012030392682986333006,2013240004064.0,14813542.0,9786267782002,9786267782002.0,9786267782002.0,9786267782002.0,9786267782002.0,從星塵到文明，地球演化的32個里程碑：熔岩冷卻、板塊初動、光合作用、大氧化事件……從宇宙塵埃聚合開始談起，45億年的演化旅程！,從星塵到文明，地球演化的32個里程碑：熔岩冷卻、板塊初動、光合作用、大氧化事件……從宇宙塵埃聚合開始談起，45億年的演化旅程!,"從星塵到文明, 地球演化的32個里程碑: 熔岩冷卻、板塊初動、光合作用、大氧化事件……從宇宙塵埃聚合開始談起, 45億年的演化旅程!",從星塵到文明，地球演化的32個里程碑：熔岩冷卻、板塊初動、光合作用、大氧化事件……從宇宙塵埃聚合開始談起，45億年的演化旅程！,從星塵到文明，地球演化的32個里程碑：熔岩冷卻、板塊初動、光合作用、大氧化事件……從宇宙塵埃聚合開始談起，45億年的演化旅程！,從星塵到文明地球演化的32個里程碑熔岩冷卻板塊初動光合作用大氧化事件從宇宙塵埃聚合開始談起45億年的演化旅程,從星塵到文明地球演化的32個里程碑熔岩冷卻板塊初動光合作用大氧化事件從宇宙塵埃聚合開始談起45億年的演化旅程,從星塵到文明地球演化的32個里程碑熔岩冷卻板塊初動光合作用大氧化事件從宇宙塵埃聚合開始談起45億年的演化旅程,從星塵到文明地球演化的32個里程碑熔岩冷卻板塊初動光合作用大氧化事件從宇宙塵埃聚合開始談起45億年的演化旅程,從星塵到文明地球演化的32個里程碑熔岩冷卻板塊初動光合作用大氧化事件從宇宙塵埃聚合開始談起45億年的演化旅程,,,,,,地星引力,地星引力,地星引力,地星引力,地星引力,,,,,,機曜,機曜文化,機曜文化事業有限公司,機曜文化,機曜,2025-09-24,2025-09-24,9/24/25,9/24/25,9/24/25,9/24/25,420.0,420.0,420.0,420.0,420.0,自然科普 > 天文學/地球科學 > 天文/地科史,中文書 > 📌自然科普79折起 > 普及科學,中文書>自然科普>地球生態／天文>宇宙／天體,中文書 > 科學‧科普 > 自然科學 > 天文 > 天文地理,天文地理學；大地天文學,https://www.books.com.tw/products/0011031383,https://www.eslite.com/product/10012030392682986333006,https://www.kingstone.com.tw/basic/2013240004064/?lid=book_class3_eec&actid=book_class3_eec,https://www.sanmin.com.tw/product/index/014813542
P253-16359 / P253-00800 / P253-08006 / P253-12094,11030972.0,10012013912682982198005,2015390176622.0,14762065.0,9789863715399,9789863715399.0,9789863715399.0,9789863715399.0,9789863715399.0,日本恐怖傳說【124則發生在身邊的詭異故事】,日本恐怖傳說【124則發生在身邊的詭異故事】,日本恐怖傳說: 124則發生在身邊的詭異故事,日本恐怖傳說【124則發生在身邊的詭異故事】,日本恐怖傳說【124則發生在身邊的詭異故事】,日本恐怖傳說124則發生在身邊的詭異故事,日本恐怖傳說124則發生在身邊的詭異故事,日本恐怖傳說124則發生在身邊的詭異故事,日本恐怖傳說124則發生在身邊的詭異故事,日本恐怖傳說124則發生在身邊的詭異故事,図解大事典 都市伝説,図解大事典 都市伝説,図解大事典: 都市伝説,,図解大事典 都市伝説,"朝里樹-監修, 七海ルシア, 卯月まめ, 怪人ふくふく-繪",朝里樹,朝里樹/ 監修,朝里樹(監修),"朝里樹-監修, 七海ルシア, 卯月まめ, 怪人ふくふく-繪",伊之文,伊之文,伊之文,伊之文,伊之文,和平,和平國際,和平國際文化有限公司,和平國際,和平,2025-08-01,2025-09-01,9/1/25,8/1/25,9/1/25,9/1/25,280.0,280.0,280.0,280.0,280.0,文學小說 > 恐怖/驚悚小說 > 日本恐怖/驚悚小說,中文書 > 青少年 > 圖文書,中文書>文學>恐怖／驚悚小說>日本驚悚／恐怖小說,中文書 > 社會人文 > 社會學 > 禮俗 > 謠俗/傳說/民間歌謠,民間故事；民間傳說,https://www.books.com.tw/products/0011030972,https://www.eslite.com/product/10012013912682982198005,https://www.kingstone.com.tw/basic/2015390176622/?lid=book_class3_jkb&actid=book_class3_jkb,https://www.sanmin.com.tw/product/index/014762065
P253-02763,11030397,,,,9786267657218,9786267657218,,,,躲貓貓推拉書：原來鱷魚在這裡,躲貓貓推拉書：原來鱷魚在這裡,,,,躲貓貓推拉書原來鱷魚在這裡,躲貓貓推拉書原來鱷魚在這裡,,,,,,,,,王培,王培,,,,,,,,,華碩文化,華碩文化,,,,,,8/1/25,,,,350.0,350,,,,童書/青少年文學 > 遊戲書 > 立體書/操作書 | 童書/青少年文學 > 0-3歲,,,,,https://www.books.com.tw/products/0011030397,,,
P253-02764,11030398,,,,9786267657263,9786267657263,,,,躲貓貓推拉書：原來老虎在這裡,躲貓貓推拉書：原來老虎在這裡,,,,躲貓貓推拉書原來老虎在這裡,躲貓貓推拉書原來老虎在這裡,,,,,,,,,王培,王培,,,,,,,,,華碩文化,華碩文化,,,,,,8/1/25,,,,350.0,350,,,,童書/青少年文學 > 遊戲書 > 立體書/操作書 | 童書/青少年文學 > 0-3歲,,,,,https://www.books.com.tw/products/0011030398,,,
P253-02765,11030403,,,,9786267657225,9786267657225,,,,躲貓貓推拉書：原來猴子在這裡,躲貓貓推拉書：原來猴子在這裡,,,,躲貓貓推拉書原來猴子在這裡,躲貓貓推拉書原來猴子在這裡,,,,,,,,,王培,王培,,,,,,,,,華碩文化,華碩文化,,,,,,8/1/25,,,,350.0,350,,,,童書/青少年文學 > 遊戲書 > 立體書/操作書 | 童書/青少年文學 > 0-3歲,,,,,https://www.books.com.tw/products/0011030403,,,
P253-02766,11030395,,,,9786267657256,9786267657256,,,,躲貓貓推拉書：原來熊在這裡,躲貓貓推拉書：原來熊在這裡,,,,躲貓貓推拉書原來熊在這裡,躲貓貓推拉書原來熊在這裡,,,,,,,,,王培,王培,,,,,,,,,華碩文化,華碩文化,,,,,,8/1/25,,,,350.0,350,,,,童書/青少年文學 > 遊戲書 > 立體書/操作書 | 童書/青少年文學 > 0-3歲,,,,,https://www.books.com.tw/products/0011030395,,,
P253-02767,11030396,,,,9786267657270,9786267657270,,,,躲貓貓推拉書：原來大象在這裡,躲貓貓推拉書：原來大象在這裡,,,,躲貓貓推拉書原來大象在這裡,躲貓貓推拉書原來大象在這裡,,,,,,,,,王培,王培,,,,,,,,,華碩文化,華碩文化,,,,,,8/1/25,,,,350.0,350,,,,童書/青少年文學 > 遊戲書 > 立體書/操作書 | 童書/青少年文學 > 0-3歲,,,,,https://www.books.com.tw/products/0011030396,,,
P253-02768,11030399,,,,9786267657287,9786267657287,,,,躲貓貓推拉書：原來獅子在這裡,躲貓貓推拉書：原來獅子在這裡,,,,躲貓貓推拉書原來獅子在這裡,躲貓貓推拉書原來獅子在這裡,,,,,,,,,王培,王培,,,,,,,,,華碩文化,華碩文化,,,,,,8/1/25,,,,350.0,350,,,,童書/青少年文學 > 遊戲書 > 立體書/操作書 | 童書/青少年文學 > 0-3歲,,,,,https://www.books.com.tw/products/0011030399,,,
P253-02769,11030400,,,,9786267657249,9786267657249,,,,躲貓貓推拉書：原來貓熊在這裡,躲貓貓推拉書：原來貓熊在這裡,,,,躲貓貓推拉書原來貓熊在這裡,躲貓貓推拉書原來貓熊在這裡,,,,,,,,,王培,王培,,,,,,,,,華碩文化,華碩文化,,,,,,8/1/25,,,,350.0,350,,,,童書/青少年文學 > 遊戲書 > 立體書/操作書 | 童書/青少年文學 > 0-3歲,,,,,https://www.books.com.tw/products/0011030400,,,
P253-02770,11030401,,,,9786267657232,9786267657232,,,,躲貓貓推拉書：原來恐龍在這裡,躲貓貓推拉書：原來恐龍在這裡,,,,躲貓貓推拉書原來恐龍在這裡,躲貓貓推拉書原來恐龍在這裡,,,,,,,,,王培,王培,,,,,,,,,華碩文化,華碩文化,,,,,,8/1/25,,,,350.0,350,,,,童書/青少年文學 > 遊戲書 > 立體書/操作書 | 童書/青少年文學 > 0-3歲,,,,,https://www.books.com.tw/products/0011030401,,,
P253-02771,11030402,,,,9786267657270,9786267657270,,,,躲貓貓推拉書(全套8冊),躲貓貓推拉書(全套8冊),,,,躲貓貓推拉書全套8冊,躲貓貓推拉書全套8冊,,,,,,,,,王培,王培,,,,,,,,,華碩文化,華碩文化,,,,,,8/1/25,,,,2800.0,2800,,,,童書/青少年文學 > 遊戲書 > 立體書/操作書 | 童書/青少年文學 > 0-3歲,,,,,https://www.books.com.tw/products/0011030402,,,
P253-05002 / P253-10869,11024074.0,,2019461637739.0,,9786260214753,9786260214753.0,,9786260214753.0,,以柔克剛 完全版 20完 (首刷附錄版),以柔克剛 完全版 20完 (首刷附錄版),,以柔克剛 完全版 (首刷附錄版) 20(完),,以柔克剛完全版20完首刷附錄版,以柔克剛完全版20完首刷附錄版,,以柔克剛完全版首刷附錄版20完,,,,,,,浦沢直樹,浦沢直樹,,浦沢直樹,,方奕勝,方奕勝,,方奕勝,,東立,東立,,東立,,2025-08-11,2025-08-11,8/11/25,,8/11/25,,360.0,360.0,,360.0,,漫畫/圖文書 > 運動／競技,,中文書>漫畫>日系冒險格鬥>武俠／格鬥,,,https://www.books.com.tw/products/0011024074,,https://www.kingstone.com.tw/basic/2019461637739/?lid=book_class3_pfb&actid=book_class3_pfb,
P253-15310,,,,14773429.0,9786263937031,,,,9786263937031.0,圖解內經,,,,圖解內經,圖解內經,,,,圖解內經,,,,,,李家雄,,,,李家雄,,,,,,五南圖書出版,,,,五南圖書出版,,,,,,8/28/25,420.0,,,,420.0,,,,中文書 > 醫療保健 > 中國醫方/草本 > 中醫理論,醫經；中醫理論,,,,https://www.sanmin.com.tw/product/index/014773429
P253-02427 / P253-11799,11030656.0,,2014130516803.0,,9786263937031,9786263937031.0,,9786263937031.0,,圖解內經(4版),圖解內經(4版),,圖解內經(4版),,圖解內經4版,圖解內經4版,,圖解內經4版,,,,,,,李家雄,李家雄,,李家雄,,,,,,,五南,五南,,五南,,2025-08-28,2025-08-28,8/28/25,,8/28/25,,420.0,420.0,,420.0,,醫療保健 > 中醫醫學 > 總論/典籍,,中文書>醫療保健>中醫養生>中醫總論,,,https://www.books.com.tw/products/0011030656,,https://www.kingstone.com.tw/basic/2014130516803/?lid=book_class3_gea&actid=book_class3_gea,
P253-07877,,10012011042682975922006,,,9786263937031,,9786263937031.0,,,圖解內經 (第4版),,圖解內經 (第4版),,,圖解內經第4版,,圖解內經第4版,,,,,,,,李家雄,,李家雄,,,,,,,,五南圖書出版股份有限公司,,五南圖書出版股份有限公司,,,,,,8/28/25,,,420.0,,420.0,,,,中文書 > 醫學保健 > 中醫,,,,,https://www.eslite.com/product/10012011042682975922006,,
P253-15804 / P253-01010,11029601.0,,,14772329.0,9786267468821,9786267468821.0,,,9786267468821.0,造光者：晶片戰爭中最神秘的關鍵企業，微影巨人ASML制霸未來科技賽局的崛起之路,造光者：晶片戰爭中最神秘的關鍵企業，微影巨人ASML制霸未來科技賽局的崛起之路,,,造光者：晶片戰爭中最神秘的關鍵企業，微影巨人ASML制霸未來科技賽局的崛起之路,造光者晶片戰爭中最神秘的關鍵企業微影巨人ASML制霸未來科技賽局的崛起之路,造光者晶片戰爭中最神秘的關鍵企業微影巨人ASML制霸未來科技賽局的崛起之路,,,造光者晶片戰爭中最神秘的關鍵企業微影巨人ASML制霸未來科技賽局的崛起之路,FOCUS,,,,FOCUS,馬克・海因克,馬克・海因克,,,馬克・海因克,洪慧芳,洪慧芳,,,洪慧芳,天下雜誌,天下雜誌,,,天下雜誌,2025-09-03,2025-09-03,9/3/25,,,9/3/25,620.0,620.0,,,620.0,商業理財 > 傳記 > 企業傳記,,,中文書 > 科學‧科普 > 應用科學 > 各種營業 > 工業品營業,電機業；電子零組件業,https://www.books.com.tw/products/0011029601,,,https://www.sanmin.com.tw/product/index/014772329
P253-01011,11029922.0,,,,9786267468821,9786267468821.0,,,,造光者【博客來獨家書封版】：晶片戰爭中最神秘的關鍵企業，微影巨人ASML制霸未來科技賽局的崛起之路,造光者【博客來獨家書封版】：晶片戰爭中最神秘的關鍵企業，微影巨人ASML制霸未來科技賽局的崛起之路,,,,造光者博客來獨家書封版晶片戰爭中最神秘的關鍵企業微影巨人ASML制霸未來科技賽局的崛起之路,造光者博客來獨家書封版晶片戰爭中最神秘的關鍵企業微影巨人ASML制霸未來科技賽局的崛起之路,,,,FOCUS: THE ASML WAY,FOCUS: THE ASML WAY,,,,馬克・海因克,馬克・海因克,,,,洪慧芳,洪慧芳,,,,天下雜誌,天下雜誌,,,,,,9/3/25,,,,620.0,620.0,,,,商業理財 > 傳記 > 企業傳記,,,,,https://www.books.com.tw/products/0011029922,,,
P253-15202 / P253-02183 / P253-12835,11031679.0,,2012440132355.0,14837073.0,9786267451953,9786267451953.0,,9786267451953.0,9786267451953.0,百般恩寵印記：細數超過101的蒙福瞬間,百般恩寵印記：細數超過101的蒙福瞬間,,百般恩寵印記：細數超過101的蒙福瞬間,百般恩寵印記：細數超過101的蒙福瞬間,百般恩寵印記細數超過101的蒙福瞬間,百般恩寵印記細數超過101的蒙福瞬間,,百般恩寵印記細數超過101的蒙福瞬間,百般恩寵印記細數超過101的蒙福瞬間,,,,,,顧美芬,顧美芬,,顧美芬,顧美芬,,,,,,橄欖文化,橄欖,,橄欖,橄欖文化,2025-09-12,2025-09-12,9/12/25,,9/12/25,9/12/25,350.0,350.0,,350.0,350.0,宗教命理 > 基督教 > 心靈關懷/成長,,中文書>宗教命理>基督教>心靈關懷／成長,中文書 > 宗教命理 > 宗教類 > 基督教 > 儀式,基督徒的經驗、操練、生活,https://www.books.com.tw/products/0011031679,,https://www.kingstone.com.tw/basic/2012440132355/?lid=book_class3_dbd&actid=book_class3_dbd,https://www.sanmin.com.tw/product/index/014837073
P253-14239 / P253-01342 / P253-12168,11032203.0,,2019380036965.0,14815661.0,9786263952256,9786263952256.0,,9786263952256.0,9786263952256.0,心相 : 王龍德醉陶展,心相：王龍德醉陶展,,心相：王龍德醉陶展,心相 : 王龍德醉陶展,心相王龍德醉陶展,心相王龍德醉陶展,,心相王龍德醉陶展,心相王龍德醉陶展,,,,,,王龍德,王龍德,,王龍德,王龍德,,,,,,國立彰化生活美學館,國立彰化生活美學館,,國立彰化生,國立彰化生活美學館,2025-09-01,2025-09-01,9/1/25,,9/1/25,9/1/25,500.0,500.0,,500.0,500.0,藝術設計 > 藝術總論 > 藝術欣賞 | 專業/教科書/政府出版品 > 政府出版品 > 文化/藝術 > 藝術欣賞,,中文書>考試書／政府出版品>政府出版品>文化／藝術,中文書 > 藝術設計 > 舞蹈 > 陶瓷,陶瓷雕塑；雕漆,https://www.books.com.tw/products/0011032203,,https://www.kingstone.com.tw/basic/2019380036965/?lid=book_class3_iqc&actid=book_class3_iqc,https://www.sanmin.com.tw/product/index/014815661
P253-05023 / P253-12883,11031122.0,,2019461744611.0,,9786264037747,9786264037747.0,,9786264037747.0,,柚木家的四兄弟。(01),柚木家的四兄弟。(01),,柚木家的四兄弟(01),,柚木家的四兄弟01,柚木家的四兄弟01,,柚木家的四兄弟01,,柚木さんちの四兄弟。,柚木さんちの四兄弟。,,,,藤澤志月,藤澤志月,,藤澤志月,,洪子喬,洪子喬,,洪子喬,,尖端,尖端,,尖端漫畫,,2025-09-12,2025-09-12,9/12/25,,9/12/25,,200.0,200.0,,200.0,,漫畫/圖文書 > 其他類型 > 溫馨療癒,,中文書>漫畫>日系輕鬆幽默>溫馨療癒,,,https://www.books.com.tw/products/0011031122,,https://www.kingstone.com.tw/basic/2019461744611/?lid=book_class3_pia&actid=book_class3_pia,
P253-02800 / P253-10436,11023880.0,,2028612526983.0,,9786267525579,9786267525579.0,,9786267525579.0,,皮卡丘的夜晚大冒險(全球獨家贈品：冒險時刻卡片貼紙),皮卡丘的夜晚大冒險(全球獨家贈品：冒險時刻卡片貼紙),,皮卡丘的夜晚大冒險（全球獨家贈品：冒險時刻卡片貼紙）,,皮卡丘的夜晚大冒險全球獨家贈品冒險時刻卡片貼紙,皮卡丘的夜晚大冒險全球獨家贈品冒險時刻卡片貼紙,,皮卡丘的夜晚大冒險全球獨家贈品冒險時刻卡片貼紙,,ピカチュウとよるのたんけん,ピカチュウとよるのたんけん,,,,松尾里佳子,松尾里佳子,,松尾里佳子,,熊谷,熊谷,,熊谷,,小麥田,小麥田,,小麥田,,2025-08-02,2025-08-02,8/2/25,,8/2/25,,340.0,340.0,,340.0,,童書/青少年文學 > 圖畫書 > 親情/友誼 | 童書/青少年文學 > 3-8歲,,中文書>童書／青少年>繪本>創意想像,,,https://www.books.com.tw/products/0011023880,,https://www.kingstone.com.tw/basic/2028612526983/?lid=book_class3_neg&actid=book_class3_neg,
P253-14050,,,,14729856.0,9786267776032,,,,9786267776032.0,GEPT新制全民英檢中級初試搶分攻略：全真模擬試題＋解析10 回（附QR Code 線上音檔＋ 防水書套）,,,,GEPT新制全民英檢中級初試搶分攻略：全真模擬試題＋解析10 回（附QR Code 線上音檔＋ 防水書套）,GEPT新制全民英檢中級初試搶分攻略全真模擬試題解析10回附QRCode線上音檔防水書套,,,,GEPT新制全民英檢中級初試搶分攻略全真模擬試題解析10回附QRCode線上音檔防水書套,,,,,,廖柏州,,,,廖柏州,,,,,,EZ叢書館(日月文化),,,,EZ叢書館(日月文化),,,,,,9/4/25,480.0,,,,480.0,,,,中文書 > 語言學習 > 英文 > 讀本,英語,,,,https://www.sanmin.com.tw/product/index/014729856
P253-14042,,,,14836666.0,9786267776056,,,,9786267776056.0,GEPT新制全民英檢中級初試搶分攻略: 全真模擬試題＋解析10 回(電子書),,,,GEPT新制全民英檢中級初試搶分攻略: 全真模擬試題＋解析10 回(電子書),GEPT新制全民英檢中級初試搶分攻略全真模擬試題解析10回電子書,,,,GEPT新制全民英檢中級初試搶分攻略全真模擬試題解析10回電子書,,,,,,廖柏州,,,,廖柏州,,,,,,日月文化,,,,日月文化,,,,,,9/4/25,480.0,,,,480.0,,,,中文書 > 語言學習 > 英文 > 讀本,英語,,,,https://www.sanmin.com.tw/product/index/014836666
P253-07014,,10012102292682967335005,,,9786267776032,,9786267776032.0,,,GEPT新制全民英檢中級初試搶分攻略: 全真模擬試題+解析10回 (附QR Code線上音檔/防水書套/2冊合售),,GEPT新制全民英檢中級初試搶分攻略: 全真模擬試題+解析10回 (附QR Code線上音檔/防水書套/2冊合售),,,GEPT新制全民英檢中級初試搶分攻略全真模擬試題解析10回附QRCode線上音檔防水書套2冊合售,,GEPT新制全民英檢中級初試搶分攻略全真模擬試題解析10回附QRCode線上音檔防水書套2冊合售,,,,,,,,廖柏州; Judd Piggott/ 審訂,,廖柏州; Judd Piggott/ 審訂,,,,,,,,EZ叢書館,,EZ叢書館,,,,,,9/4/25,,,480.0,,480.0,,,,中文書 > 語言考用 > 英檢托福,,,,,https://www.eslite.com/product/10012102292682967335005,,
P253-12394,,,2018053135097.0,,9786267776032,,,9786267776032.0,,GEPT新制全民英檢中級初試搶分攻略: 全真模擬試題＋解析10 回（附QR Code 線上音檔＋ 防水書套）,,,GEPT新制全民英檢中級初試搶分攻略: 全真模擬試題＋解析10 回（附QR Code 線上音檔＋ 防水書套）,,GEPT新制全民英檢中級初試搶分攻略全真模擬試題＋解析10回附QRCode線上音檔＋防水書套,,,GEPT新制全民英檢中級初試搶分攻略全真模擬試題＋解析10回附QRCode線上音檔＋防水書套,,,,,,,廖柏州老師Rex Liao,,,廖柏州老師Rex Liao,,,,,,,EZ叢書館,,,EZ叢書館,,,,,,9/4/25,,480.0,,,480.0,,,,中文書>語言／字辭典>英語檢定>英檢初級,,,,,https://www.kingstone.com.tw/basic/2018053135097/?lid=book_class3_kja&actid=book_class3_kja,
P253-16418 / P253-09323,,,2015218556858.0,14578946.0,9786263895225,,,9786263895225.0,9786263895225.0,高效行政學：口訣記憶、圖像理解、金句表達，穩固答題硬實力,,,高效行政學：口訣記憶、圖像理解、金句表達，穩固答題硬實力,高效行政學：口訣記憶、圖像理解、金句表達，穩固答題硬實力,高效行政學口訣記憶圖像理解金句表達穩固答題硬實力,,,高效行政學口訣記憶圖像理解金句表達穩固答題硬實力,高效行政學口訣記憶圖像理解金句表達穩固答題硬實力,,,,,,程明,,,程明,程明,,,,,,志光出版社,,,志光保成,志光出版社,2025-07-11,2025-07-21,,,7/21/25,7/11/25,780.0,,,780.0,780.0,,,中文書>考試書／政府出版品>公務人員／高普考>普考／四等,中文書 > 社會人文 > 政治/法律/軍事 > 政治 > 公共行政,公共行政,,,https://www.kingstone.com.tw/basic/2015218556858/?lid=book_class3_icc&actid=book_class3_icc,https://www.sanmin.com.tw/product/index/014578946
P253-16566,,,,14739404.0,9786264236676,,,,9786264236676.0,刑法概要－刑法總則,,,,刑法概要－刑法總則,刑法概要刑法總則,,,,刑法概要刑法總則,,,,,,"盧映潔, 李鳳翔",,,,"盧映潔, 李鳳翔",,,,,,五南圖書出版,,,,五南圖書出版,,,,,,8/10/25,500.0,,,,500.0,,,,中文書 > 社會人文 > 政治/法律/軍事 > 法律 > 刑法,刑法總則,,,,https://www.sanmin.com.tw/product/index/014739404
P253-11147,,,2015218564921.0,,9789865265625,,,9789865265625.0,,刑法總則,,,刑法總則,,刑法總則,,,刑法總則,,,,,,,王皇玉,,,王皇玉,,,,,,,新學林,,,新學林,,,,,,8/15/25,,780.0,,,780.0,,,,中文書>考試書／政府出版品>大學教科用書>法政學群,,,,,https://www.kingstone.com.tw/basic/2015218564921/?lid=book_class3_iof&actid=book_class3_iof,
P253-01639 / P253-11881,11030754.0,,2011771586691.0,,9789887664581,9789887664581.0,,9789887664581.0,,我們在照顧中相伴,我們在照顧中相伴,,我們在照顧中相伴,,我們在照顧中相伴,我們在照顧中相伴,,我們在照顧中相伴,,,,,,,盧家詠,盧家詠,,盧家詠,,,,,,,信報出版社,信報出版社,,信報,,2025-08-29,2025-08-29,8/29/25,,8/29/25,,690.0,690.0,,690.0,,心理勵志 > 勵志故事/散文 > 真實人生故事,,中文書>心理勵志>勵志小品>人生故事,,,https://www.books.com.tw/products/0011030754,,https://www.kingstone.com.tw/basic/2011771586691/?lid=book_class3_ccc&actid=book_class3_ccc,
P253-04623 / P253-10067,11022813.0,,2019461635865.0,,9786267734001,9786267734001.0,,9786267734001.0,,時光代理人6,時光代理人6,,時光代理人6,,時光代理人6,時光代理人6,,時光代理人6,,,,,,,"嗶哩嗶哩,嗶夢","嗶哩嗶哩,嗶夢",,嗶哩嗶哩、嗶夢,,,,,,,十羽,十羽,,十羽文化,,2025-07-30,2025-07-30,7/30/25,,7/30/25,,380.0,380.0,,380.0,,漫畫/圖文書 > 奇幻／魔法,,中文書>漫畫>華文漫畫>推理／驚悚,,,https://www.books.com.tw/products/0011022813,,https://www.kingstone.com.tw/basic/2019461635865/?lid=book_class3_pcd&actid=book_class3_pcd,
P253-04624 / P253-10068,11022815.0,,2019461635995.0,,9786267734025,9786267734025.0,,9786267734025.0,,時光代理人7,時光代理人7,,時光代理人7,,時光代理人7,時光代理人7,,時光代理人7,,,,,,,"嗶哩嗶哩,嗶夢","嗶哩嗶哩,嗶夢",,嗶哩嗶哩、嗶夢,,,,,,,十羽,十羽,,十羽文化,,2025-07-30,2025-07-30,7/30/25,,7/30/25,,380.0,380.0,,380.0,,漫畫/圖文書 > 奇幻／魔法,,中文書>漫畫>華文漫畫>推理／驚悚,,,https://www.books.com.tw/products/0011022815,,https://www.kingstone.com.tw/basic/2019461635995/?lid=book_class3_pcd&actid=book_class3_pcd,
P253-04625 / P253-10069,11022817.0,,2019461636077.0,,9786267734032,9786267734032.0,,9786267734032.0,,時光代理人8,時光代理人8,,時光代理人8,,時光代理人8,時光代理人8,,時光代理人8,,,,,,,"嗶哩嗶哩,嗶夢","嗶哩嗶哩,嗶夢",,嗶哩嗶哩、嗶夢,,,,,,,十羽,十羽,,十羽文化,,2025-07-30,2025-07-30,7/30/25,,7/30/25,,380.0,380.0,,380.0,,漫畫/圖文書 > 奇幻／魔法,,中文書>漫畫>華文漫畫>推理／驚悚,,,https://www.books.com.tw/products/0011022817,,https://www.kingstone.com.tw/basic/2019461636077/?lid=book_class3_pcd&actid=book_class3_pcd,
P253-04626 / P253-10065,11022828.0,,2019461635605.0,,9786267734018,9786267734018.0,,9786267734018.0,,時光代理人5+6套書限量特裝版,時光代理人5+6套書限量特裝版,,時光代理人5+6套書限量特裝版,,時光代理人56套書限量特裝版,時光代理人56套書限量特裝版,,時光代理人56套書限量特裝版,,,,,,,"嗶哩嗶哩,嗶夢","嗶哩嗶哩,嗶夢",,嗶哩嗶哩、嗶夢,,,,,,,十羽,十羽,,十羽文化,,2025-07-30,2025-07-30,7/30/25,,7/30/25,,1180.0,1180.0,,1180.0,,漫畫/圖文書 > 奇幻／魔法,,中文書>漫畫>華文漫畫>推理／驚悚,,,https://www.books.com.tw/products/0011022828,,https://www.kingstone.com.tw/basic/2019461635605/?lid=book_class3_pcd&actid=book_class3_pcd,
P253-04627 / P253-10066,11022829.0,,2019461635735.0,,9786267734049,9786267734049.0,,9786267734049.0,,時光代理人7+8套書限量特裝版,時光代理人7+8套書限量特裝版,,時光代理人7+8套書限量特裝版,,時光代理人78套書限量特裝版,時光代理人78套書限量特裝版,,時光代理人78套書限量特裝版,,,,,,,"嗶哩嗶哩,嗶夢","嗶哩嗶哩,嗶夢",,嗶哩嗶哩、嗶夢,,,,,,,十羽,十羽,,十羽文化,,2025-07-30,2025-07-30,7/30/25,,7/30/25,,1180.0,1180.0,,1180.0,,漫畫/圖文書 > 奇幻／魔法,,中文書>漫畫>華文漫畫>推理／驚悚,,,https://www.books.com.tw/products/0011022829,,https://www.kingstone.com.tw/basic/2019461635735/?lid=book_class3_pcd&actid=book_class3_pcd,
P253-04629 / P253-10070,11022812.0,,2019461636107.0,,9786269967025,9786269967025.0,,9786269967025.0,,時光代理人5,時光代理人5,,時光代理人5,,時光代理人5,時光代理人5,,時光代理人5,,,,,,,"嗶哩嗶哩,嗶夢","嗶哩嗶哩,嗶夢",,嗶哩嗶哩、嗶夢,,,,,,,十羽,十羽,,十羽文化,,2025-07-30,2025-07-30,7/30/25,,7/30/25,,380.0,380.0,,380.0,,漫畫/圖文書 > 奇幻／魔法,,中文書>漫畫>華文漫畫>推理／驚悚,,,https://www.books.com.tw/products/0011022812,,https://www.kingstone.com.tw/basic/2019461636107/?lid=book_class3_pcd&actid=book_class3_pcd,
P253-01680 / P253-13627,11032888.0,,2011771591718.0,,9786267735671,9786267735671.0,,9786267735671.0,,玩的就是心計：一本書講透人際交往中的心理博弈學!有心計，懂套路，牢牢掌控人生的主動權,玩的就是心計：一本書講透人際交往中的心理博弈學!有心計，懂套路，牢牢掌控人生的主動權,,玩的就是心計：一本書講透人際交往中的心理博弈學！有心計，懂套路，牢牢掌控人生的主動權,,玩的就是心計一本書講透人際交往中的心理博弈學有心計懂套路牢牢掌控人生的主動權,玩的就是心計一本書講透人際交往中的心理博弈學有心計懂套路牢牢掌控人生的主動權,,玩的就是心計一本書講透人際交往中的心理博弈學有心計懂套路牢牢掌控人生的主動權,,,,,,,路天章,路天章,,路天章,,,,,,,春天出版社,春天出版社,,春天,,2025-09-30,2025-09-30,9/30/25,,9/30/25,,330.0,330.0,,330.0,,心理勵志 > 人際關係 > 人脈/處世,,中文書>心理勵志>人性／人際>人際關係,,,https://www.books.com.tw/products/0011032888,,https://www.kingstone.com.tw/basic/2011771591718/?lid=book_class3_cff&actid=book_class3_cff,
P253-17132,,,,14774149.0,9786264237505,,,,9786264237505.0,羊與貓的旅行：看見國語課堂教學的新風景,,,,羊與貓的旅行：看見國語課堂教學的新風景,羊與貓的旅行看見國語課堂教學的新風景,,,,羊與貓的旅行看見國語課堂教學的新風景,,,,,,楊裕貿,,,,楊裕貿,,,,,,五南圖書出版,,,,五南圖書出版,,,,,,9/10/25,430.0,,,,430.0,,,,中文書 > 親子共讀 > 語言學習,小學教學法,,,,https://www.sanmin.com.tw/product/index/014774149
P253-05985 / P253-08091 / P253-12665,11031507.0,10012011042682989274009,2015233248288.0,,9786264237505,9786264237505.0,9786264237505.0,9786264237505.0,,羊與貓的旅行：看見國語課堂教學的新風景(2版),羊與貓的旅行：看見國語課堂教學的新風景(2版),羊與貓的旅行: 看見國語課堂教學的新風景 (第2版),羊與貓的旅行：看見國語課堂教學的新風景(第2版),,羊與貓的旅行看見國語課堂教學的新風景2版,羊與貓的旅行看見國語課堂教學的新風景2版,羊與貓的旅行看見國語課堂教學的新風景第2版,羊與貓的旅行看見國語課堂教學的新風景第2版,,,,,,,楊裕貿,楊裕貿,楊裕貿,楊裕貿,,,,,,,五南,五南,五南圖書出版股份有限公司,五南,,2025-09-10,2025-09-10,9/10/25,9/10/25,9/10/25,,430.0,430.0,430.0,430.0,,專業/教科書/政府出版品 > 教育類 > 教育 > 課程與教學,中文書 > 親子教養 > 教師教育資源,中文書>考試書／政府出版品>大學教科用書>教育學群,,,https://www.books.com.tw/products/0011031507,https://www.eslite.com/product/10012011042682989274009,https://www.kingstone.com.tw/basic/2015233248288/?lid=book_class3_iob&actid=book_class3_iob,
P253-02125 / P253-07530,11024496.0,10012150962682927153007,,,9786260245078,9786260245078.0,9786260245078.0,,,躲在超市後門抽菸的兩人 6,躲在超市後門抽菸的兩人 6,躲在超市後門抽菸的兩人 6,,,躲在超市後門抽菸的兩人6,躲在超市後門抽菸的兩人6,躲在超市後門抽菸的兩人6,,,,,スーパーの裏でヤニ吸うふたり,,,地主,地主,地主,,,澤野凌,澤野凌,澤野凌,,,東立,東立,東立出版社有限公司,,,2025-07-17,2025-07-17,7/17/25,7/17/25,,,150.0,150.0,150.0,,,漫畫/圖文書 > 戀愛故事 > 男性向,中文書 > 動漫畫／圖文 > 日系社會寫實／職場職人,,,,https://www.books.com.tw/products/0011024496,https://www.eslite.com/product/10012150962682927153007,,
P253-02126 / P253-07531,11024498.0,10012150962682927147006,,,9786260249359,9786260249359.0,9786260249359.0,,,躲在超市後門抽菸的兩人 6 (特裝版),躲在超市後門抽菸的兩人 6 (特裝版),躲在超市後門抽菸的兩人 6 (特裝版),,,躲在超市後門抽菸的兩人6特裝版,躲在超市後門抽菸的兩人6特裝版,躲在超市後門抽菸的兩人6特裝版,,,,,スーパーの裏でヤニ吸うふたり,,,地主,地主,地主,,,澤野凌,澤野凌,澤野凌,,,東立,東立,東立出版社有限公司,,,2025-07-17,2025-07-17,7/17/25,7/17/25,,,240.0,240.0,240.0,,,漫畫/圖文書 > 戀愛故事 > 男性向,中文書 > 動漫畫／圖文 > 日系社會寫實／職場職人,,,,https://www.books.com.tw/products/0011024498,https://www.eslite.com/product/10012150962682927147006,,
P253-14754 / P253-06529 / P253-10514,11027311.0,,2018741180316.0,14672005.0,4711441073435.0 / （空白） / 4711441073435.0,,,4711441073435.0,4711441073435.0,查令十字路84號【時報五十‧金句透卡組限量版】,查令十字路84號【時報五十.金句透卡組限量版】,,查令十字路84號【時報五十‧金句透卡組限量版】,查令十字路84號【時報五十‧金句透卡組限量版】,查令十字路84號時報五十金句透卡組限量版,查令十字路84號時報五十金句透卡組限量版,,查令十字路84號時報五十‧金句透卡組限量版,查令十字路84號時報五十金句透卡組限量版,,,,,,海蓮.漢芙,海蓮．漢芙,,海蓮．漢芙,海蓮.漢芙,陳建銘,陳建銘,,陳建銘,陳建銘,時報文化,時報出版,,時報文化,時報文化,2025-08-05,2025-08-05,8/5/25,,8/5/25,8/5/25,160.0,160.0,,160.0,160.0,文學小說 > 翻譯文學 > 美國文學,,中文書>文學>現代翻譯文學>美國現代文學,中文書 > 文學作品 > 文學 > 西洋文學 > 美國文學,美國文學,https://www.books.com.tw/products/0011027311,,https://www.kingstone.com.tw/basic/2018741180316/?lid=book_class3_jgc&actid=book_class3_jgc,https://www.sanmin.com.tw/product/index/014672005
P253-14962 / P253-02036,11030530.0,,,14791442.0,9786260253554,9786260253554.0,,,9786260253554.0,薰香花朵凛然綻放10,薰香花朵凛然綻放 10,,,薰香花朵凛然綻放10,薰香花朵凛然綻放10,薰香花朵凛然綻放10,,,薰香花朵凛然綻放10,,,,,,三香見SAKA,三香見SAKA,,,三香見SAKA,羅筱君,羅筱君,,,羅筱君,東立,東立,,,東立,2025-09-08,2025-09-08,9/8/25,,,9/8/25,110.0,110.0,,,110.0,漫畫/圖文書 > 戀愛故事 > 男性向,,,中文書 > 休閒生活 > 技藝 > 茶道,茶室、茶庭,https://www.books.com.tw/products/0011030530,,,https://www.sanmin.com.tw/product/index/014791442
P253-02053,11028018.0,,,,9786260253547,9786260253547.0,,,,薰香花朵凛然綻放 9,薰香花朵凛然綻放 9,,,,薰香花朵凛然綻放9,薰香花朵凛然綻放9,,,,,,,,,三香見SAKA,三香見SAKA,,,,羅筱君,羅筱君,,,,東立,東立,,,,,,8/25/25,,,,110.0,110.0,,,,漫畫/圖文書 > 戀愛故事 > 男性向,,,,,https://www.books.com.tw/products/0011028018,,,
P253-02117,11024070.0,,,,9786260244705,9786260244705.0,,,,薰香花朵凛然綻放 8,薰香花朵凛然綻放 8,,,,薰香花朵凛然綻放8,薰香花朵凛然綻放8,,,,,,,,,三香見SAKA,三香見SAKA,,,,羅筱君,羅筱君,,,,東立,東立,,,,,,7/21/25,,,,110.0,110.0,,,,漫畫/圖文書 > 戀愛故事 > 男性向,,,,,https://www.books.com.tw/products/0011024070,,,
P253-14832 / P253-00069,11026638.0,,,14635244.0,9786263109162,9786263109162.0,,,9786263109162.0,長路（《紐約時報》21世紀百大好書‧動盪世代的必讀經典）,長路(《紐約時報》21世紀百大好書‧動盪世代的必讀經典),,,長路（《紐約時報》21世紀百大好書‧動盪世代的必讀經典）,長路紐約時報21世紀百大好書動盪世代的必讀經典,長路紐約時報21世紀百大好書動盪世代的必讀經典,,,長路紐約時報21世紀百大好書動盪世代的必讀經典,The road,The Road,,,The road,戈馬克.麥卡錫,戈馬克．麥卡錫,,,戈馬克.麥卡錫,毛雅芬,毛雅芬,,,毛雅芬,麥田,麥田,,,麥田,2025-07-26,2025-07-26,7/26/25,,,7/26/25,400.0,400.0,,,400.0,文學小說 > 翻譯文學 > 美國文學,,,中文書 > 文學作品 > 小說 > 推理小說 > 美國小說,美國文學,https://www.books.com.tw/products/0011026638,,,https://www.sanmin.com.tw/product/index/014635244
P253-06585 / P253-12327,11030559.0,,2019461726471.0,,9786263148666,9786263148666.0,,9786263148666.0,,長路(圖像小說版)：《紐約時報》21世紀百大傑作，首度改編圖像小說,長路(圖像小說版)：《紐約時報》21世紀百大傑作，首度改編圖像小說,,長路（圖像小說版）：《紐約時報》21世紀百大傑作，首度改編圖像小說,,長路圖像小說版紐約時報21世紀百大傑作首度改編圖像小說,長路圖像小說版紐約時報21世紀百大傑作首度改編圖像小說,,長路圖像小說版紐約時報21世紀百大傑作首度改編圖像小說,,La Route,La Route,,La Route,,"戈馬克．麥卡錫,馬努．拉瑟雷","戈馬克．麥卡錫,馬努．拉瑟雷",,馬努．拉瑟雷（改編繪圖）,,陸雲枝,陸雲枝,,陸雲枝,,木馬文化,木馬文化,,木馬文化,,2025-09-03,2025-09-03,9/3/25,,9/3/25,,950.0,950.0,,950.0,,文學小說 > 翻譯文學 > 美國文學 | 文學小說 > 圖像小說,,中文書>文學>圖文繪本>圖像小說,,,https://www.books.com.tw/products/0011030559,,https://www.kingstone.com.tw/basic/2019461726471/?lid=book_class3_jod&actid=book_class3_jod,
P253-09733,,,2018741180026.0,,9786263109162,,,9786263109162.0,,長路（《紐約時報》21世紀百大好書‧動盪世代的必讀經典）,,,長路（《紐約時報》21世紀百大好書‧動盪世代的必讀經典）,,長路紐約時報21世紀百大好書‧動盪世代的必讀經典,,,長路紐約時報21世紀百大好書‧動盪世代的必讀經典,,,,,,,戈馬克．麥卡錫,,,戈馬克．麥卡錫,,毛雅芬,,,毛雅芬,,麥田,,,麥田,,,,,,7/26/25,,400.0,,,400.0,,,,中文書>文學>現代翻譯文學>美國現代文學,,,,,https://www.kingstone.com.tw/basic/2018741180026/?lid=book_class3_jgc&actid=book_class3_jgc,
P253-02217 / P253-08904,11026150.0,,2011370017275.0,,9786267604649,9786267604649.0,,9786267604649.0,,此生與此後：認識《卡塔奧義書》，化解對死亡的恐懼，揭開生死的奧祕,此生與此後：認識《卡塔奧義書》，化解對死亡的恐懼，揭開生死的奧祕,,此生與此後：認識《卡塔奧義書》，化解對死亡的恐懼，揭開生死的奧祕,,此生與此後認識卡塔奧義書化解對死亡的恐懼揭開生死的奧祕,此生與此後認識卡塔奧義書化解對死亡的恐懼揭開生死的奧祕,,此生與此後認識卡塔奧義書化解對死亡的恐懼揭開生死的奧祕,,Life Here and Hereafter：Kathopanishad,Life Here and Hereafter：Kathopanishad,,Life Here and Hereafter:Kathopanishad,,斯瓦米．拉瑪,斯瓦米．拉瑪,,斯瓦米．拉瑪,,石宏,石宏,,石宏,,橡實文化,橡實文化,,橡實,,2025-07-16,2025-07-16,7/16/25,,7/16/25,,450.0,450.0,,450.0,,宗教命理 > 新時代 > 靈性導師/靈訊,,中文書>宗教命理>新時代>靈性療癒／成長,,,https://www.books.com.tw/products/0011026150,,https://www.kingstone.com.tw/basic/2011370017275/?lid=book_class3_ddd&actid=book_class3_ddd,
P253-14842 / P253-06566,11024479.0,,,14539279.0,4711441073268.0 / （空白）,,,,4711441073268.0,蒙娜之眼【首刷限量三冊盒裝套書】藝術中的心靈之眼：羅浮宮、奧塞美術館、龐畢度中心的最後52堂課,蒙娜之眼【首刷限量三冊盒裝套書】：藝術中的心靈之眼——羅浮宮、奧塞美術館、龐畢度中心的最後52堂課,,,蒙娜之眼【首刷限量三冊盒裝套書】藝術中的心靈之眼：羅浮宮、奧塞美術館、龐畢度中心的最後52堂課,蒙娜之眼首刷限量三冊盒裝套書藝術中的心靈之眼羅浮宮奧塞美術館龐畢度中心的最後52堂課,蒙娜之眼首刷限量三冊盒裝套書藝術中的心靈之眼羅浮宮奧塞美術館龐畢度中心的最後52堂課,,,蒙娜之眼首刷限量三冊盒裝套書藝術中的心靈之眼羅浮宮奧塞美術館龐畢度中心的最後52堂課,Les Yeux de Mona（Mona’s Eyes),Les Yeux de Mona（Mona’s Eyes),,,Les Yeux de Mona（Mona’s Eyes),湯瑪士.謝勒斯,湯瑪士．謝勒斯,,,湯瑪士.謝勒斯,李沅洳,李沅洳,,,李沅洳,時報文化,時報出版,,,時報文化,2025-07-08,2025-07-08,7/8/25,,,7/8/25,1360.0,1360.0,,,1360.0,文學小說 > 翻譯文學 > 法國文學 | 藝術設計 > 藝術總論 > 藝術欣賞,,,中文書 > 文學作品 > 小說 > 推理小說 > 法國小說,法國文學,https://www.books.com.tw/products/0011024479,,,https://www.sanmin.com.tw/product/index/014539279
P253-14843 / P253-01347 / P253-08568,11024489.0,,2018760225043.0,14539315.0,9786264195829.0,9786264195829.0,,9786264195829.0,9786264195829.0,蒙娜之眼【I 羅浮宮】：藝術中的心靈之眼-羅浮宮、奧塞美術館、龐畢度中心的最後52堂課,蒙娜之眼【I 羅浮宮】：藝術中的心靈之眼——羅浮宮、奧塞美術館、龐畢度中心的最後52堂課,,蒙娜之眼【I 羅浮宮】：藝術中的心靈之眼--羅浮宮、奧塞美術館、龐畢度中心的最後52堂課,蒙娜之眼【I 羅浮宮】：藝術中的心靈之眼-羅浮宮、奧塞美術館、龐畢度中心的最後52堂課,蒙娜之眼I羅浮宮藝術中的心靈之眼羅浮宮奧塞美術館龐畢度中心的最後52堂課,蒙娜之眼I羅浮宮藝術中的心靈之眼羅浮宮奧塞美術館龐畢度中心的最後52堂課,,蒙娜之眼I羅浮宮藝術中的心靈之眼羅浮宮奧塞美術館龐畢度中心的最後52堂課,蒙娜之眼I羅浮宮藝術中的心靈之眼羅浮宮奧塞美術館龐畢度中心的最後52堂課,Les Yeux de Mona（Mona’s Eyes),Les Yeux de Mona（Mona’s Eyes),,Mona`s Eyes,Les Yeux de Mona（Mona’s Eyes),湯瑪士.謝勒斯,湯瑪士．謝勒斯,,湯瑪士．謝勒斯,湯瑪士.謝勒斯,李沅洳,李沅洳,,李沅洳,李沅洳,時報文化,時報出版,,時報文化,時報文化,2025-07-08,2025-07-08,7/8/25,,7/8/25,7/8/25,480.0,480.0,,480.0,480.0,文學小說 > 翻譯文學 > 法國文學 | 藝術設計 > 藝術總論 > 藝術欣賞,,中文書>文學>現代翻譯文學>法國現代文學,中文書 > 文學作品 > 小說 > 推理小說 > 法國小說,法國文學,https://www.books.com.tw/products/0011024489,,https://www.kingstone.com.tw/basic/2018760225043/?lid=book_class3_jge&actid=book_class3_jge,https://www.sanmin.com.tw/product/index/014539315
P253-14845 / P253-01348 / P253-08569,11024490.0,,2018760225173.0,14539288.0,9786264195836.0,9786264195836.0,,9786264195836.0,9786264195836.0,蒙娜之眼【II 奧塞美術館】：藝術中的心靈之眼-羅浮宮、奧塞美術館、龐畢度中心的最後52堂課,蒙娜之眼【II 奧塞美術館】：藝術中的心靈之眼——羅浮宮、奧塞美術館、龐畢度中心的最後52堂課,,蒙娜之眼【II 奧塞美術館】：藝術中的心靈之眼--羅浮宮、奧塞美術館、龐畢度中心的最後52堂課,蒙娜之眼【II 奧塞美術館】：藝術中的心靈之眼-羅浮宮、奧塞美術館、龐畢度中心的最後52堂課,蒙娜之眼II奧塞美術館藝術中的心靈之眼羅浮宮奧塞美術館龐畢度中心的最後52堂課,蒙娜之眼II奧塞美術館藝術中的心靈之眼羅浮宮奧塞美術館龐畢度中心的最後52堂課,,蒙娜之眼II奧塞美術館藝術中的心靈之眼羅浮宮奧塞美術館龐畢度中心的最後52堂課,蒙娜之眼II奧塞美術館藝術中的心靈之眼羅浮宮奧塞美術館龐畢度中心的最後52堂課,Les Yeux de Mona（Mona’s Eyes),Les Yeux de Mona（Mona’s Eyes),,,Les Yeux de Mona（Mona’s Eyes),湯瑪士.謝勒斯,湯瑪士．謝勒斯,,湯瑪士．謝勒斯,湯瑪士.謝勒斯,李沅洳,李沅洳,,李沅洳,李沅洳,時報文化,時報出版,,時報文化,時報文化,2025-07-08,2025-07-08,7/8/25,,7/8/25,7/8/25,430.0,430.0,,430.0,430.0,文學小說 > 翻譯文學 > 法國文學 | 藝術設計 > 藝術總論 > 藝術欣賞,,中文書>文學>現代翻譯文學>法國現代文學,中文書 > 文學作品 > 小說 > 推理小說 > 法國小說,法國文學,https://www.books.com.tw/products/0011024490,,https://www.kingstone.com.tw/basic/2018760225173/?lid=book_class3_jge&actid=book_class3_jge,https://www.sanmin.com.tw/product/index/014539288
P253-14844 / P253-01349 / P253-08570,11024492.0,,2018760225203.0,14539289.0,9786264195843.0,9786264195843.0,,9786264195843.0,9786264195843.0,蒙娜之眼【III 龐畢度中心】：藝術中的心靈之眼-羅浮宮、奧塞美術館、龐畢度中心的最後52堂課,蒙娜之眼【III 龐畢度中心】：藝術中的心靈之眼——羅浮宮、奧塞美術館、龐畢度中心的最後52堂課,,蒙娜之眼【III 龐畢度中心】：藝術中的心靈之眼--羅浮宮、奧塞美術館、龐畢度中心的最後52堂課,蒙娜之眼【III 龐畢度中心】：藝術中的心靈之眼-羅浮宮、奧塞美術館、龐畢度中心的最後52堂課,蒙娜之眼III龐畢度中心藝術中的心靈之眼羅浮宮奧塞美術館龐畢度中心的最後52堂課,蒙娜之眼III龐畢度中心藝術中的心靈之眼羅浮宮奧塞美術館龐畢度中心的最後52堂課,,蒙娜之眼III龐畢度中心藝術中的心靈之眼羅浮宮奧塞美術館龐畢度中心的最後52堂課,蒙娜之眼III龐畢度中心藝術中的心靈之眼羅浮宮奧塞美術館龐畢度中心的最後52堂課,Les Yeux de Mona（Mona’s Eyes),Les Yeux de Mona（Mona’s Eyes),,,Les Yeux de Mona（Mona’s Eyes),湯瑪士.謝勒斯,湯瑪士．謝勒斯,,湯瑪士．謝勒斯,湯瑪士.謝勒斯,李沅洳,李沅洳,,李沅洳,李沅洳,時報文化,時報出版,,時報文化,時報文化,2025-07-08,2025-07-08,7/8/25,,7/8/25,7/8/25,450.0,450.0,,450.0,450.0,文學小說 > 翻譯文學 > 法國文學 | 藝術設計 > 藝術總論 > 藝術欣賞,,中文書>文學>現代翻譯文學>法國現代文學,中文書 > 文學作品 > 小說 > 推理小說 > 法國小說,法國文學,https://www.books.com.tw/products/0011024492,,https://www.kingstone.com.tw/basic/2018760225203/?lid=book_class3_jge&actid=book_class3_jge,https://www.sanmin.com.tw/product/index/014539289
P253-06620,,10012010632682929810007,,,9786264195836.0,,9786264195836.0,,,蒙娜之眼 II: 奧塞美術館,,蒙娜之眼 II: 奧塞美術館,,,蒙娜之眼II奧塞美術館,,蒙娜之眼II奧塞美術館,,,藝術中的心靈之眼 羅浮宮、奧塞美術館、龐畢度中心的最後52堂課,,藝術中的心靈之眼 羅浮宮、奧塞美術館、龐畢度中心的最後52堂課,,,湯瑪士．謝勒斯,,湯瑪士．謝勒斯,,,李沅洳,,李沅洳,,,時報文化出版企業股份有限公司,,時報文化出版企業股份有限公司,,,,,,7/8/25,,,430.0,,430.0,,,,中文書 > 📌美術79折起 > 世界美術總論,,,,,https://www.eslite.com/product/10012010632682929810007,,
P253-06621,,10012010632682929811004,,,9786264195843.0,,9786264195843.0,,,蒙娜之眼 III: 龐畢度中心,,蒙娜之眼 III: 龐畢度中心,,,蒙娜之眼III龐畢度中心,,蒙娜之眼III龐畢度中心,,,藝術中的心靈之眼 羅浮宮、奧塞美術館、龐畢度中心的最後52堂課,,藝術中的心靈之眼 羅浮宮、奧塞美術館、龐畢度中心的最後52堂課,,,湯瑪士．謝勒斯,,湯瑪士．謝勒斯,,,李沅洳,,李沅洳,,,時報文化出版企業股份有限公司,,時報文化出版企業股份有限公司,,,,,,7/8/25,,,450.0,,450.0,,,,中文書 > 📌美術79折起 > 世界美術總論,,,,,https://www.eslite.com/product/10012010632682929811004,,
P253-06622,,10012010632682929809001,,,9786264195829.0,,9786264195829.0,,,蒙娜之眼 I: 羅浮宮,,蒙娜之眼 I: 羅浮宮,,,蒙娜之眼I羅浮宮,,蒙娜之眼I羅浮宮,,,藝術中的心靈之眼 羅浮宮、奧塞美術館、龐畢度中心的最後52堂課,,藝術中的心靈之眼 羅浮宮、奧塞美術館、龐畢度中心的最後52堂課,,,湯瑪士．謝勒斯,,湯瑪士．謝勒斯,,,李沅洳,,李沅洳,,,時報文化出版企業股份有限公司,,時報文化出版企業股份有限公司,,,,,,7/8/25,,,480.0,,480.0,,,,中文書 > 📌美術79折起 > 世界美術總論,,,,,https://www.eslite.com/product/10012010632682929809001,,
P253-06623,,10012010632682929806000,,,,,,,,蒙娜之眼: 藝術中的心靈之眼 羅浮宮、奧塞美術館、龐畢度中心的最後52堂課 (3冊合售),,蒙娜之眼: 藝術中的心靈之眼 羅浮宮、奧塞美術館、龐畢度中心的最後52堂課 (3冊合售),,,蒙娜之眼藝術中的心靈之眼羅浮宮奧塞美術館龐畢度中心的最後52堂課3冊合售,,蒙娜之眼藝術中的心靈之眼羅浮宮奧塞美術館龐畢度中心的最後52堂課3冊合售,,,蒙娜之眼 I: 羅浮宮/ II: 奧塞美術館/ III: 龐畢度中心,,蒙娜之眼 I: 羅浮宮/ II: 奧塞美術館/ III: 龐畢度中心,,,湯瑪士．謝勒斯,,湯瑪士．謝勒斯,,,李沅洳,,李沅洳,,,時報文化出版企業股份有限公司,,時報文化出版企業股份有限公司,,,,,,7/8/25,,,1360.0,,1360.0,,,,中文書 > 📌美術79折起 > 世界美術總論,,,,,https://www.eslite.com/product/10012010632682929806000,,
P253-08567,,,2018760224961.0,,4711441073275.0,,,4711441073275.0,,蒙娜之眼【三冊套書】：藝術中的心靈之眼──羅浮宮、奧塞美術館、龐畢度中心的最後52堂課,,,蒙娜之眼【三冊套書】：藝術中的心靈之眼──羅浮宮、奧塞美術館、龐畢度中心的最後52堂課,,蒙娜之眼三冊套書藝術中的心靈之眼──羅浮宮奧塞美術館龐畢度中心的最後52堂課,,,蒙娜之眼三冊套書藝術中的心靈之眼──羅浮宮奧塞美術館龐畢度中心的最後52堂課,,,,,,,湯瑪士．謝勒斯,,,湯瑪士．謝勒斯,,李沅洳,,,李沅洳,,時報文化,,,時報文化,,,,,,7/8/25,,1360.0,,,1360.0,,,,中文書>文學>現代翻譯文學>法國現代文學,,,,,https://www.kingstone.com.tw/basic/2018760224961/?lid=book_class3_jge&actid=book_class3_jge,
P253-01571 / P253-12565,11030560.0,,2011760412017.0,,9789863169475,9789863169475.0,,9789863169475.0,,不要讓負面情緒鬧情緒,不要讓負面情緒鬧情緒,,不要讓負面情緒鬧情緒,,不要讓負面情緒鬧情緒,不要讓負面情緒鬧情緒,,不要讓負面情緒鬧情緒,,,,,,,麥哲倫,麥哲倫,,麥哲倫,,,,,,,新視野NewVision,新視野NewVision,,新視野New,,2025-09-08,2025-09-08,9/8/25,,9/8/25,,300.0,300.0,,300.0,,心理勵志 > 情緒/壓力,,中文書>心理勵志>自我成長>情緒／壓力,,,https://www.books.com.tw/products/0011030560,,https://www.kingstone.com.tw/basic/2011760412017/?lid=book_class3_ced&actid=book_class3_ced,
P253-02306 / P253-08306,11024588.0,,2014410182346.0,,9786267244814,9786267244814.0,,9786267244814.0,,基礎建設全圖解：秒懂STEM!160張精緻彩圖、50組關鍵詞，掌握超厲害人造設施的運作原理,基礎建設全圖解：秒懂STEM!160張精緻彩圖、50組關鍵詞，掌握超厲害人造設施的運作原理,,基礎建設全圖解：秒懂STEM！160張精緻彩圖、50組關鍵詞，掌握超厲害人造設施的運作原理,,基礎建設全圖解秒懂STEM160張精緻彩圖50組關鍵詞掌握超厲害人造設施的運作原理,基礎建設全圖解秒懂STEM160張精緻彩圖50組關鍵詞掌握超厲害人造設施的運作原理,,基礎建設全圖解秒懂STEM160張精緻彩圖50組關鍵詞掌握超厲害人造設施的運作原理,,Engineering in Plain Sight: An Illustrated Field Guide to the Constructed Environment,Engineering in Plain Sight: An Illustrated Field Guide to the Constructed Environment,,Engineering in Plain Sight: An Illustrated Field Guide to the Constructed Environment,,格雷迪．希爾豪斯,格雷迪．希爾豪斯,,格雷迪．希爾豪斯,,林東翰,林東翰,,林東翰,,行路,行路,,行路出版,,2025-07-02,2025-07-02,7/2/25,,7/2/25,,1299.0,1299.0,,1299.0,,自然科普 > 科普叢書,,中文書>自然科普>普及科學>科學總論／百科,,,https://www.books.com.tw/products/0011024588,,https://www.kingstone.com.tw/basic/2014410182346/?lid=book_class3_eaa&actid=book_class3_eaa,
P253-17022,,,,14841473.0,9786264175791,,,,9786264175791.0,改變談判賽局：適應協商情境X共創最大價值,,,,改變談判賽局：適應協商情境X共創最大價值,改變談判賽局適應協商情境X共創最大價值,,,,改變談判賽局適應協商情境X共創最大價值,Negotiation,,,,Negotiation,麥斯.貝澤曼,,,,麥斯.貝澤曼,卓妙容,,,,卓妙容,天下文化,,,,天下文化,,,,,,9/30/25,500.0,,,,500.0,,,,中文書 > 財經企管 > 行銷企管 > 經營 > 總論,商學總論,,,,https://www.sanmin.com.tw/product/index/014841473
P253-01101,11032786.0,,,,9786264175791,9786264175791.0,,,,改變談判賽局：適應協商情境╳共創最大價值,改變談判賽局：適應協商情境╳共創最大價值,,,,改變談判賽局適應協商情境共創最大價值,改變談判賽局適應協商情境共創最大價值,,,,Negotiation: The Game Has Changed,Negotiation: The Game Has Changed,,,,麥斯．貝澤曼,麥斯．貝澤曼,,,,卓妙容,卓妙容,,,,天下文化,天下文化,,,,,,9/30/25,,,,500.0,500.0,,,,商業理財 > 職場工作術 > 談判,,,,,https://www.books.com.tw/products/0011032786,,,
P253-08122,,10012030542683000991004,,,9786264175791,,9786264175791.0,,,改變談判賽局: 適應協商情境×共創最大價值,,改變談判賽局: 適應協商情境×共創最大價值,,,改變談判賽局適應協商情境×共創最大價值,,改變談判賽局適應協商情境×共創最大價值,,,Negotiation: The Game Has Changed,,Negotiation: The Game Has Changed,,,麥斯．貝澤曼,,麥斯．貝澤曼,,,卓妙容,,卓妙容,,,遠見天下文化出版股份有限公司,,遠見天下文化出版股份有限公司,,,,,,9/30/25,,,500.0,,500.0,,,,中文書 > 商業財經 > 行銷／市場,,,,,https://www.eslite.com/product/10012030542683000991004,,
P253-13654,,,2014900193197.0,,9786264175791,,,9786264175791.0,,改變談判賽局：適應協商情境╳共創最大價值,,,改變談判賽局：適應協商情境╳共創最大價值,,改變談判賽局適應協商情境╳共創最大價值,,,改變談判賽局適應協商情境╳共創最大價值,,Negotiation: The Game Has Changed,,,Negotiation: The Game Has Changed,,麥斯．貝澤曼,,,麥斯．貝澤曼,,卓妙容,,,卓妙容,,天下文化,,,天下文化,,,,,,9/30/25,,500.0,,,500.0,,,,中文書>財經企管>職場工作術>談判術,,,,,https://www.kingstone.com.tw/basic/2014900193197/?lid=book_class3_mhc&actid=book_class3_mhc,
P253-15279 / P253-02300 / P253-08721,11019269.0,,2012920569848.0,14553645.0,9786267592090,9786267592090.0,,9786267592090.0,9786267592090.0,預兆神諭卡：精準解讀愛情、工作、家庭、金錢、身心問題，通往平靜與幸福人生,預兆神諭卡：精準解讀愛情、工作、家庭、金錢、身心問題，通往平靜與幸福人生,,預兆神諭卡：精準解讀愛情、工作、家庭、金錢、身心問題，通往平靜與幸福人生,預兆神諭卡：精準解讀愛情、工作、家庭、金錢、身心問題，通往平靜與幸福人生,預兆神諭卡精準解讀愛情工作家庭金錢身心問題通往平靜與幸福人生,預兆神諭卡精準解讀愛情工作家庭金錢身心問題通往平靜與幸福人生,,預兆神諭卡精準解讀愛情工作家庭金錢身心問題通往平靜與幸福人生,預兆神諭卡精準解讀愛情工作家庭金錢身心問題通往平靜與幸福人生,L'Oracle des signes,L’Oracle des signes,,,L'Oracle des signes,"安妮.塔菲戈-著, 利西亞-繪",安妮．塔菲戈,,安妮．塔菲戈,"安妮.塔菲戈-著, 利西亞-繪",林惠敏,林惠敏,,林惠敏,林惠敏,大樹林,大樹林,,大樹林,大樹林,2025-07-10,2025-07-10,7/10/25,,7/10/25,7/10/25,980.0,980.0,,980.0,980.0,宗教命理 > 占星/血型/占卜 > 占卜/塔羅,,中文書>宗教命理>占卜>塔羅牌／牌占,中文書 > 宗教命理 > 命理 > 占卜 > 易占 > 塔羅牌,雜占,https://www.books.com.tw/products/0011019269,,https://www.kingstone.com.tw/basic/2012920569848/?lid=book_class3_die&actid=book_class3_die,https://www.sanmin.com.tw/product/index/014553645
P253-04202,11032376.0,,,,9786267705803.0,9786267705803.0,,,,《零日攻擊》(2冊套書)原創劇本書+改編小說(隨書附限量海報),《零日攻擊》(2冊套書)原創劇本書+改編小說(隨書附限量海報),,,,零日攻擊2冊套書原創劇本書改編小說隨書附限量海報,零日攻擊2冊套書原創劇本書改編小說隨書附限量海報,,,,,,,,,"丁啟文,四絃,曾令毅,李奕萱,林志儒,浮靈子,海德薇,渡邊將人,羅景壬,蘇奕瑄,許世輝,鄭婉玭,鄭心媚,阿潑,黃鵬仁","丁啟文,四絃,曾令毅,李奕萱,林志儒,浮靈子,海德薇,渡邊將人,羅景壬,蘇奕瑄,許世輝,鄭婉玭,鄭心媚,阿潑,黃鵬仁",,,,,,,,,黑體文化,黑體文化,,,,,,9/24/25,,,,1000.0,1000.0,,,,影視偶像 > 影視小說/劇本 > 影視小說 | 影視偶像 > 影視小說/劇本 > 劇本書,,,,,https://www.books.com.tw/products/0011032376,,,
P253-06724,,10012043902682995428007,,,,,,,,零日攻擊: 改編小說 (限量簽名版),,零日攻擊: 改編小說 (限量簽名版),,,零日攻擊改編小說限量簽名版,,零日攻擊改編小說限量簽名版,,,,,,,,海德薇/ 李奕萱/ 四絃/ 浮靈子,,海德薇/ 李奕萱/ 四絃/ 浮靈子,,,,,,,,黑體文化,,黑體文化,,,,,,9/24/25,,,380.0,,380.0,,,,中文書 > 📌藝術設計79折起 > 表演藝術,,,,,https://www.eslite.com/product/10012043902682995428007,,
P253-06725,,10012043902682995424009,,,9786267705810.0,,9786267705810.0,,,零日攻擊: 改編小說,,零日攻擊: 改編小說,,,零日攻擊改編小說,,零日攻擊改編小說,,,,,,,,海德薇/ 李奕萱/ 四絃/ 浮靈子,,海德薇/ 李奕萱/ 四絃/ 浮靈子,,,,,,,,黑體文化,,黑體文化,,,,,,9/24/25,,,380.0,,380.0,,,,中文書 > 📌藝術設計79折起 > 表演藝術,,,,,https://www.eslite.com/product/10012043902682995424009,,
P253-13330,,,2018630847559.0,,8667106522649.0,,,8667106522649.0,,零日攻擊（2冊套書）原創劇本書＋改編小說（隨書附限量海報）,,,零日攻擊（2冊套書）原創劇本書＋改編小說（隨書附限量海報）,,零日攻擊2冊套書原創劇本書＋改編小說隨書附限量海報,,,零日攻擊2冊套書原創劇本書＋改編小說隨書附限量海報,,,,,,,鄭心媚,,,鄭心媚,,,,,,,黑體文化,,,黑體文化,,,,,,9/24/25,,1000.0,,,1000.0,,,,中文書>生活風格>影視娛樂>影劇寫真／小說,,,,,https://www.kingstone.com.tw/basic/2018630847559/?lid=book_class3_fhb&actid=book_class3_fhb,
P253-15210,,,,14738506.0,9789575568740,,,,9789575568740.0,曠野嗎哪06：靈性成熟,,,,曠野嗎哪06：靈性成熟,曠野嗎哪06靈性成熟,,,,曠野嗎哪06靈性成熟,,,,,,孫大中,,,,孫大中,,,,,,橄欖文化,,,,橄欖文化,,,,,,8/15/25,350.0,,,,350.0,,,,中文書 > 宗教命理 > 宗教類 > 基督教 > 儀式,基督徒的經驗、操練、生活,,,,https://www.sanmin.com.tw/product/index/014738506
P253-02158 / P253-11130,11029076.0,,2012440130511.0,,9789575568740,9789575568740.0,,9789575568740.0,,曠野嗎哪(輯六)：靈性成熟,曠野嗎哪(輯六)：靈性成熟,,曠野嗎哪(輯六)：靈性成熟,,曠野嗎哪輯六靈性成熟,曠野嗎哪輯六靈性成熟,,曠野嗎哪輯六靈性成熟,,,,,,,孫大中,孫大中,,孫大中,,,,,,,橄欖,橄欖,,橄欖,,2025-08-15,2025-08-15,8/15/25,,8/15/25,,350.0,350.0,,350.0,,宗教命理 > 基督教 > 神學/教義學,,中文書>宗教命理>基督教>神學／教義,,,https://www.books.com.tw/products/0011029076,,https://www.kingstone.com.tw/basic/2012440130511/?lid=book_class3_dbc&actid=book_class3_dbc,
P253-15015 / P253-12990,,,2014290301066.0,14816466.0,9789576869631,,,9789576869631.0,9789576869631.0,完美準媽媽必讀的孕產聖經,,,完美準媽媽必讀的孕產聖經,完美準媽媽必讀的孕產聖經,完美準媽媽必讀的孕產聖經,,,完美準媽媽必讀的孕產聖經,完美準媽媽必讀的孕產聖經,,,,,,磊立同行,,,磊立同行,磊立同行,,,,,,漢欣文化,,,漢欣文化,漢欣文化,2025-09-01,2025-09-17,,,9/17/25,9/1/25,320.0,,,320.0,320.0,,,中文書>醫療保健>懷孕／育兒>孕婦須知,中文書 > 休閒生活 > 居家生活 > 家庭醫學,結婚醫學常識,,,https://www.kingstone.com.tw/basic/2014290301066/?lid=book_class3_gcb&actid=book_class3_gcb,https://www.sanmin.com.tw/product/index/014816466
P253-04192,11031366.0,,,,9789576869631,9789576869631.0,,,,完美準媽媽必讀的孕產聖經 孕育完美寶寶的黃金280天,完美準媽媽必讀的孕產聖經 孕育完美寶寶的黃金280天,,,,完美準媽媽必讀的孕產聖經孕育完美寶寶的黃金280天,完美準媽媽必讀的孕產聖經孕育完美寶寶的黃金280天,,,,,,,,,磊立同行,磊立同行,,,,,,,,,漢欣,漢欣,,,,,,9/17/25,,,,320.0,320.0,,,,醫療保健 > 懷孕/小兒 > 孕前/孕中調養 | 親子教養 > 懷孕/小兒 > 孕前/孕中調養,,,,,https://www.books.com.tw/products/0011031366,,,
P253-07862,,10012057782682988847006,,,9789576869631,,9789576869631.0,,,完美準媽媽必讀的孕產聖經 (第2版),,完美準媽媽必讀的孕產聖經 (第2版),,,完美準媽媽必讀的孕產聖經第2版,,完美準媽媽必讀的孕產聖經第2版,,,,,,,,磊立同行,,磊立同行,,,,,,,,漢欣文化事業有限公司,,漢欣文化事業有限公司,,,,,,9/17/25,,,320.0,,320.0,,,,中文書 > 醫學保健 > 懷孕／育兒,,,,,https://www.eslite.com/product/10012057782682988847006,,
P253-01594 / P253-10543,11026924.0,,2011780119194.0,,9786267333624,9786267333624.0,,9786267333624.0,,那不是你的責任，你卻背了很久：擺脫情緒勒索，成為關係中的自己,那不是你的責任，你卻背了很久：擺脫情緒勒索，成為關係中的自己,,那不是你的責任，你卻背了很久：擺脫情緒勒索，成為關係中的自己,,那不是你的責任你卻背了很久擺脫情緒勒索成為關係中的自己,那不是你的責任你卻背了很久擺脫情緒勒索成為關係中的自己,,那不是你的責任你卻背了很久擺脫情緒勒索成為關係中的自己,,,,,,,"施振德,邱雅君","施振德,邱雅君",,施振德、邱雅君,,,,,,,柏樂出版有限公司,柏樂出版有限公司,,柏樂,,2025-07-30,2025-08-06,7/30/25,,8/6/25,,360.0,360.0,,360.0,,心理勵志 > 個人成長 > 心靈成長,,中文書>心理勵志>心理諮商／治療>心理治療,,,https://www.books.com.tw/products/0011026924,,https://www.kingstone.com.tw/basic/2011780119194/?lid=book_class3_cbb&actid=book_class3_cbb,
P253-14448 / P253-03093 / P253-10090,11027330.0,,2028594051435.0,14634492.0,9786264182577,9786264182577.0,,9786264182577.0,9786264182577.0,我的神奇衣櫥,我的神奇衣櫥,,我的神奇衣櫥,我的神奇衣櫥,我的神奇衣櫥,我的神奇衣櫥,,我的神奇衣櫥,我的神奇衣櫥,물려받은 옷장,물려받은 옷장,,MulRyeoBatEun OsJang,물려받은 옷장,李鮮柱,李鮮柱,,李鮮柱,李鮮柱,簡郁璇,簡郁璇,,簡郁璇,簡郁璇,遠流,遠流,,遠流,遠流,2025-07-30,2025-07-30,7/30/25,,7/30/25,7/30/25,380.0,380.0,,380.0,380.0,童書/青少年文學 > 圖畫書 > 生命教育 | 童書/青少年文學 > 3-8歲,,中文書>童書／青少年>繪本>SDGs主題繪本,中文書 > 文學作品 > 文學 > 東方文學 > 韓國文學,特種文學,https://www.books.com.tw/products/0011027330,,https://www.kingstone.com.tw/basic/2028594051435/?lid=book_class3_neh&actid=book_class3_neh,https://www.sanmin.com.tw/product/index/014634492
P253-16040 / P253-01667 / P253-11788,11029671.0,,2011920809534.0,14729878.0,9786267607046,9786267607046.0,,9786267607046.0,9786267607046.0,朝陽168,朝陽168,,朝陽168,朝陽168,朝陽168,朝陽168,,朝陽168,朝陽168,,,,,,謝朝陽,謝朝陽,,謝朝陽,謝朝陽,,,,,,博客思出版社,博客思,,博客思,博客思出版社,2025-08-01,2025-08-28,8/1/25,,8/28/25,8/1/25,360.0,360.0,,360.0,360.0,心理勵志 > 勵志故事/散文 > 心靈成長故事,,中文書>心理勵志>勵志小品>心靈勵志故事,中文書 > 社會人文 > 哲學 > 東方哲學 > 人生哲學,人生哲學,https://www.books.com.tw/products/0011029671,,https://www.kingstone.com.tw/basic/2011920809534/?lid=book_class3_ccb&actid=book_class3_ccb,https://www.sanmin.com.tw/product/index/014729878
P253-04543,11027391,,,,9786264353250,9786264353250,,,,從等級1開始的召喚無雙 (2),從等級1開始的召喚無雙 (2),,,,從等級1開始的召喚無雙2,從等級1開始的召喚無雙2,,,,レベル1から始まる召喚無双 (2),レベル1から始まる召喚無双 (2),,,,"七桃りお,夕薙,白石新","七桃りお,夕薙,白石新",,,,九流,九流,,,,台灣角川,台灣角川,,,,,,9/25/25,,,,140.0,140,,,,漫畫/圖文書 > 奇幻／魔法,,,,,https://www.books.com.tw/products/0011027391,,,
P253-04606,11025020,,,,9786264351652,9786264351652,,,,從等級1開始的召喚無雙 (1),從等級1開始的召喚無雙 (1),,,,從等級1開始的召喚無雙1,從等級1開始的召喚無雙1,,,,レベル1から始まる召喚無双 (1),レベル1から始まる召喚無双 (1),,,,"七桃りお,夕薙,白石新","七桃りお,夕薙,白石新",,,,九流,九流,,,,台灣角川,台灣角川,,,,,,8/14/25,,,,140.0,140,,,,漫畫/圖文書 > 奇幻／魔法,,,,,https://www.books.com.tw/products/0011025020,,,
P253-03635 / P253-09503,11025181.0,,2018594047347.0,,4717011695120,4717011695120.0,,4717011695120.0,,魔法歡樂屋 套組：親子這樣玩+夢想心樂園(內含手作及電子教具),魔法歡樂屋 套組：親子這樣玩+夢想心樂園(內含手作及電子教具),,魔法歡樂屋 套組：親子這樣玩＋夢想心樂園（內含手作及電子教具）,,魔法歡樂屋套組親子這樣玩夢想心樂園內含手作及電子教具,魔法歡樂屋套組親子這樣玩夢想心樂園內含手作及電子教具,,魔法歡樂屋套組親子這樣玩＋夢想心樂園內含手作及電子教具,,,,,,,目川文化編輯小組,目川文化編輯小組,,目川文化編輯小組,,,,,,,目川文化數位股份有限公司,目川文化數位股份有限公司,,目川文化,,2025-07-23,2025-07-23,7/23/25,,7/23/25,,3680.0,3680.0,,3200.0,,童書/青少年文學 > 兒童學習用品 > 童玩/生活用具 | 童書/青少年文學 > 6-10歲,,中文書>童書／青少年>知識／百科>百科,,,https://www.books.com.tw/products/0011025181,,https://www.kingstone.com.tw/basic/2018594047347/?lid=book_class3_nhk&actid=book_class3_nhk,
P253-15035 / P253-15036 / P253-02585 / P253-02586,11028863.0,,,14774878.0,9670528081181.0 / 9786267275863.0 / 9670528081181.0 / 9786267275863.0,9670528081181.0,,,9670528081181.0,今天煮什麼？：型男主廚吳秉承的百搭美味方程式，活用15種食材╳6種鍋具小家電，教你又快又省錢，搞定一桌超營養料理！【限量珍藏親簽版】,今天煮什麼?：型男主廚吳秉承的百搭美味方程式，活用15種食材╳6種鍋具小家電，教你又快又省錢，搞定一桌超營養料理!【限量珍藏親簽版】,,,今天煮什麼？：型男主廚吳秉承的百搭美味方程式，活用15種食材╳6種鍋具小家電，教你又快又省錢，搞定一桌超營養料理！【限量珍藏親簽版】,今天煮什麼型男主廚吳秉承的百搭美味方程式活用15種食材6種鍋具小家電教你又快又省錢搞定一桌超營養料理限量珍藏親簽版,今天煮什麼型男主廚吳秉承的百搭美味方程式活用15種食材6種鍋具小家電教你又快又省錢搞定一桌超營養料理限量珍藏親簽版,,,今天煮什麼型男主廚吳秉承的百搭美味方程式活用15種食材6種鍋具小家電教你又快又省錢搞定一桌超營養料理限量珍藏親簽版,,,,,,吳秉承,吳秉承,,,吳秉承,,,,,,蔚藍文化,蔚藍文化,,,蔚藍文化,2025-08-27,2025-08-27,8/27/25,,,8/27/25,520.0,520.0,,,520.0,飲食 > 食譜 > 新手/速簡食譜 | 飲食 > 食譜 > 中式料理/家常菜,,,中文書 > 休閒生活 > 飲食烹飪 > 食譜 > 總論,食譜,https://www.books.com.tw/products/0011028863,,,https://www.sanmin.com.tw/product/index/014774878
P253-07782 / P253-07783,,10012030392682964569007,,,（空白）/ 9786267275863.0,,9786267275863.0,,,"今天煮什麼?: 型男主廚吳秉承的百搭美味方程式, 活用15種食材╳ 6種鍋具小家電, 教你又快又省錢, 搞定一桌超營養料理! (限量珍藏親簽版)",,"今天煮什麼?: 型男主廚吳秉承的百搭美味方程式, 活用15種食材╳ 6種鍋具小家電, 教你又快又省錢, 搞定一桌超營養料理! (限量珍藏親簽版)",,,今天煮什麼型男主廚吳秉承的百搭美味方程式活用15種食材╳6種鍋具小家電教你又快又省錢搞定一桌超營養料理限量珍藏親簽版,,今天煮什麼型男主廚吳秉承的百搭美味方程式活用15種食材╳6種鍋具小家電教你又快又省錢搞定一桌超營養料理限量珍藏親簽版,,,,,,,,吳秉承,,吳秉承,,,,,,,,蔚藍文化出版股份有限公司,,蔚藍文化出版股份有限公司,,,2025-08-27,2025-08-27,,8/27/25,,,520.0,,520.0,,,,中文書 > 飲食 > 主題料理,,,,,https://www.eslite.com/product/10012030392682964569007,,
P253-14501 / P253-04198 / P253-13331,11032373.0,,2018630847689.0,14816914.0,9786267705810,9786267705810.0,,9786267705810.0,9786267705810.0,《零日攻擊》改編小說,《零日攻擊》改編小說,,零日攻擊《改編小說》,《零日攻擊》改編小說,零日攻擊改編小說,零日攻擊改編小說,,零日攻擊改編小說,零日攻擊改編小說,,,,,,"海德薇, 李奕萱, 四絃, 浮靈子","四絃,李奕萱,浮靈子,海德薇",,海德薇、李奕萱,"海德薇, 李奕萱, 四絃, 浮靈子",,,,,,黑體,黑體文化,,黑體文化,黑體,2025-09-24,2025-09-24,9/24/25,,9/24/25,9/24/25,380.0,380.0,,380.0,380.0,影視偶像 > 影視小說/劇本 > 影視小說,,中文書>生活風格>影視娛樂>影劇寫真／小說,中文書 > 文學作品 > 文學 > 東方文學 > 遠東各地文學,小說,https://www.books.com.tw/products/0011032373,,https://www.kingstone.com.tw/basic/2018630847689/?lid=book_class3_fhb&actid=book_class3_fhb,https://www.sanmin.com.tw/product/index/014816914
P253-04199 / P253-13333,11032375.0,,2018630847849.0,,9786267705810 / 8667106522625,9786267705810.0,,8667106522625.0,,《零日攻擊》改編小說(限量簽名版),《零日攻擊》改編小說(限量簽名版),,零日攻擊《改編小說》（限量簽名版）,,零日攻擊改編小說限量簽名版,零日攻擊改編小說限量簽名版,,零日攻擊改編小說限量簽名版,,,,,,,"丁啟文,四絃,李奕萱,林志儒,浮靈子,海德薇,蘇奕瑄,許世輝,鄭婉玭,鄭心媚,黃鵬仁","丁啟文,四絃,李奕萱,林志儒,浮靈子,海德薇,蘇奕瑄,許世輝,鄭婉玭,鄭心媚,黃鵬仁",,海德薇、李奕萱,,,,,,,黑體文化,黑體文化,,黑體文化,,2025-09-24,2025-09-24,9/24/25,,9/24/25,,380.0,380.0,,380.0,,影視偶像 > 影視小說/劇本 > 影視小說,,中文書>生活風格>影視娛樂>影劇寫真／小說,,,https://www.books.com.tw/products/0011032375,,https://www.kingstone.com.tw/basic/2018630847849/?lid=book_class3_fhb&actid=book_class3_fhb,
P253-16939 / P253-12262,,,2015540120833.0,14772619.0,9786267705445,,,9786267705445.0,9786267705445.0,土地正義（十週年紀念版）：從土地改革到土地徵收，一段被掩蓋、一再上演的歷史,,,土地正義（十週年紀念版）：從土地改革到土地徵收，一段被掩蓋、一再上演的歷史,土地正義（十週年紀念版）：從土地改革到土地徵收，一段被掩蓋、一再上演的歷史,土地正義十週年紀念版從土地改革到土地徵收一段被掩蓋一再上演的歷史,,,土地正義十週年紀念版從土地改革到土地徵收一段被掩蓋一再上演的歷史,土地正義十週年紀念版從土地改革到土地徵收一段被掩蓋一再上演的歷史,,,,,,"徐世榮-著, 張雅綿-整理",,,徐世榮,"徐世榮-著, 張雅綿-整理",,,,,,黑體,,,黑體文化,黑體,2025-09-03,2025-09-03,,,9/3/25,9/3/25,380.0,,,380.0,380.0,,,中文書>社會哲思>社會議題>城市／土地發展,中文書 > 財經企管 > 商業財經 > 經濟 > 土地問題,土地制度；田制,,,https://www.kingstone.com.tw/basic/2015540120833/?lid=book_class3_hdb&actid=book_class3_hdb,https://www.sanmin.com.tw/product/index/014772619
P253-16895 / P253-01191 / P253-12076,11030997.0,,2014960464299.0,14761162.0,9786260142780,9786260142780.0,,9786260142780.0,9786260142780.0,你穿上的，是誰的故事？,你穿上的，是誰的故事?,,你穿上的，是誰的故事？,你穿上的，是誰的故事？,你穿上的是誰的故事,你穿上的是誰的故事,,你穿上的是誰的故事,你穿上的是誰的故事,,,,,,儲爾勇,儲爾勇,,儲爾勇,儲爾勇,,,,,,儲爾勇,儲爾勇,,白象,儲爾勇,2025-09-01,2025-09-01,9/1/25,,9/1/25,9/1/25,380.0,380.0,,380.0,380.0,商業理財 > 行銷/廣告/業務 > 行銷,,中文書>財經企管>行銷／業務>行銷／企劃,中文書 > 財經企管 > 行銷企管 > 管理 > 行銷管理 > 總論,商品學；市場學；行銷管理,https://www.books.com.tw/products/0011030997,,https://www.kingstone.com.tw/basic/2014960464299/?lid=book_class3_mga&actid=book_class3_mga,https://www.sanmin.com.tw/product/index/014761162
