NEW_TAICCA_ID,1106亦式ID,TAICCA_ID,未納入書目FIND,bookscom_production_id,kobo_production_id,readmoo_production_id,isbn,bookscom_isbn,kobo_isbn,readmoo_isbn,eisbn,bookscom_eisbn,kobo_eisbn,readmoo_eisbn,title,備註,bookscom_title,kobo_title,readmoo_title,processed_title,bookscom_processed_title,kobo_processed_title,readmoo_processed_title,original_title,bookscom_original_title,kobo_original_title,readmoo_original_title,author,bookscom_author,kobo_author,readmoo_author,translator,bookscom_translator,kobo_translator,readmoo_translator,publisher,Clean_publisher,bookscom_publisher,kobo_publisher,readmoo_publisher,min_publish_date,max_publish_date,bookscom_publish_date,kobo_publish_date,readmoo_publish_date,price,bookscom_original_price,kobo_original_price,readmoo_original_price,bookscom_category,kobo_category,readmoo_category,kobo_type_ebook,readmoo_type_ebook,bookscom_url,kobo_url,readmoo_url,FALSE,cluster
E253-20328 / E253-12550,NEW4084 / NEW1880,E253-20329 / E253-10550,（空白） / FIND_3306,,AILOyN-gPz6TqmRdpoCzuQ,210402159000101.0,9786263397842,,9786263397842.0,9786263397842.0,9786263397842,,9786263397842.0,9786263397842.0,熟女記(47),,,熟女記(47),熟女記(47),熟女記47,,熟女記47,熟女記47,,,,,卡牌,,卡牌,卡牌,,,,,河圖文化,,,,河圖文化,2025/7/23,2025/7/23,,2025/7/23,2025/7/23,180.0,,180.0,180.0,,愛情-成人-科幻小說與奇幻小說,羅曼史\言情小說-情慾小說（18限）,EPUB 3 (Adobe DRM),流動版面 EPUB,,https://www.kobo.com/tw/zh/ebook/AILOyN-gPz6TqmRdpoCzuQ,https://readmoo.com/book/210402159000101,False,0
E253-20326 / E253-12551,NEW4085 / NEW1881,E253-20327 / E253-10551,（空白） / FIND_3307,,ahTAwoLZNjGaPohBPZ9JtA,210402163000101.0,9786263397859,,9786263397859.0,9786263397859.0,9786263397859,,9786263397859.0,9786263397859.0,熟女記(48),,,熟女記(48),熟女記(48),熟女記48,,熟女記48,熟女記48,,,,,卡牌,,卡牌,卡牌,,,,,河圖文化,,,,河圖文化,2025/7/23,2025/7/23,,2025/7/23,2025/7/23,180.0,,180.0,180.0,,愛情-成人-科幻小說與奇幻小說,羅曼史\言情小說-情慾小說（18限）,EPUB 3 (Adobe DRM),流動版面 EPUB,,https://www.kobo.com/tw/zh/ebook/ahTAwoLZNjGaPohBPZ9JtA,https://readmoo.com/book/210402163000101,False,0
E253-20325 / E253-12552,NEW4213 / NEW1250,E253-20326 / E253-10552,（空白） / FIND_3308,,MIdxPwuezjyYhCoHKoekzQ,210402164000101.0,9786263397989,,9786263397989.0,9786263397989.0,9786263397989,,9786263397989.0,9786263397989.0,熟女記(49),,,熟女記(49),熟女記(49),熟女記49,,熟女記49,熟女記49,,,,,卡牌,,卡牌,卡牌,,,,,河圖文化,,,,河圖文化,2025/7/27,2025/7/27,,2025/7/27,2025/7/27,180.0,,180.0,180.0,,愛情-成人-科幻小說與奇幻小說,羅曼史\言情小說-情慾小說（18限）,EPUB 3 (Adobe DRM),流動版面 EPUB,,https://www.kobo.com/tw/zh/ebook/MIdxPwuezjyYhCoHKoekzQ,https://readmoo.com/book/210402164000101,False,0
E253-20323 / E253-12553,NEW4214 / NEW1251,E253-20324 / E253-10553,（空白） / FIND_3309,,DlDGOgOHIjihAQFQMp66tA,210402167000101.0,9786263397996,,9786263397996.0,9786263397996.0,9786263397996,,9786263397996.0,9786263397996.0,熟女記(50),,,熟女記(50),熟女記(50),熟女記50,,熟女記50,熟女記50,,,,,卡牌,,卡牌,卡牌,,,,,河圖文化,,,,河圖文化,2025/7/27,2025/7/27,,2025/7/27,2025/7/27,180.0,,180.0,180.0,,愛情-成人-科幻小說與奇幻小說,羅曼史\言情小說-情慾小說（18限）,EPUB 3 (Adobe DRM),流動版面 EPUB,,https://www.kobo.com/tw/zh/ebook/DlDGOgOHIjihAQFQMp66tA,https://readmoo.com/book/210402167000101,False,0
E253-20166 / E253-12555,NEW4232 / NEW3016,E253-20167 / E253-10555,（空白） / FIND_3310,,VSXsGOKnOjGHBxc6Yuo7OQ,210408436000101.0,9786263398023,,9786263398023.0,9786263398023.0,9786263398023,,9786263398023.0,9786263398023.0,熟女記(51),,,熟女記(51),熟女記(51),熟女記51,,熟女記51,熟女記51,,,,,卡牌,,卡牌,卡牌,,,,,河圖文化,,,,河圖文化,2025/8/16,2025/8/16,,2025/8/16,2025/8/16,180.0,,180.0,180.0,,愛情-成人-科幻小說與奇幻小說,羅曼史\言情小說-情慾小說（18限）,EPUB 3 (Adobe DRM),流動版面 EPUB,,https://www.kobo.com/tw/zh/ebook/VSXsGOKnOjGHBxc6Yuo7OQ,https://readmoo.com/book/210408436000101,False,0
E253-20165 / E253-12556,NEW4233 / NEW3017,E253-20166 / E253-10556,（空白） / FIND_3311,,0rrapaNLejyCu3eqPuifWQ,210408437000101.0,9786263398030,,9786263398030.0,9786263398030.0,9786263398030,,9786263398030.0,9786263398030.0,熟女記(52),,,熟女記(52),熟女記(52),熟女記52,,熟女記52,熟女記52,,,,,卡牌,,卡牌,卡牌,,,,,河圖文化,,,,河圖文化,2025/8/16,2025/8/16,,2025/8/16,2025/8/16,180.0,,180.0,180.0,,愛情-成人-科幻小說與奇幻小說,羅曼史\言情小說-情慾小說（18限）,EPUB 3 (Adobe DRM),流動版面 EPUB,,https://www.kobo.com/tw/zh/ebook/0rrapaNLejyCu3eqPuifWQ,https://readmoo.com/book/210408437000101,False,0
E253-20043 / E253-12557,NEW4137 / NEW2852,E253-20044 / E253-10557,（空白） / FIND_3312,,_KpFNl2BUDGm7mSN4FaZnA,210411789000101.0,9786263398306,,9786263398306.0,9786263398306.0,9786263398306,,9786263398306.0,9786263398306.0,熟女記(53),,,熟女記(53),熟女記(53),熟女記53,,熟女記53,熟女記53,,,,,卡牌,,卡牌,卡牌,,,,,河圖文化,,,,河圖文化,2025/9/17,2025/9/17,,2025/9/17,2025/9/17,180.0,,180.0,180.0,,愛情-成人-科幻小說與奇幻小說,羅曼史\言情小說-情慾小說（18限）,EPUB 3 (Adobe DRM),流動版面 EPUB,,https://www.kobo.com/tw/zh/ebook/_KpFNl2BUDGm7mSN4FaZnA,https://readmoo.com/book/210411789000101,False,0
E253-20038 / E253-12558,NEW4138 / NEW2853,E253-20039 / E253-10558,（空白） / FIND_3313,,esA8ZgheSzWonVbZ5wwhXg,210411796000101.0,9786263398313,,9786263398313.0,9786263398313.0,9786263398313,,9786263398313.0,9786263398313.0,熟女記(54),,,熟女記(54),熟女記(54),熟女記54,,熟女記54,熟女記54,,,,,卡牌,,卡牌,卡牌,,,,,河圖文化,,,,河圖文化,2025/9/17,2025/9/17,,2025/9/17,2025/9/17,180.0,,180.0,180.0,,愛情-成人-科幻小說與奇幻小說,羅曼史\言情小說-情慾小說（18限）,EPUB 3 (Adobe DRM),流動版面 EPUB,,https://www.kobo.com/tw/zh/ebook/esA8ZgheSzWonVbZ5wwhXg,https://readmoo.com/book/210411796000101,False,0
E253-12559,NEW940,E253-10559,FIND_3314,E050275985,,,,,,,9786263397842,9786263397842.0,,,熟女記47(限),,熟女記47(限),,,熟女記47限,熟女記47限,,,,,,,卡牌,卡牌,,,,,,,河圖文化,,河圖文化,,,2025/7/25,2025/7/25,2025/7/25,,,180.0,180.0,,,文學小說-華文創作-小說,,,,,https://www.books.com.tw/products/E050275985,,,False,0
E253-12560,NEW941,E253-10560,FIND_3315,E050275986,,,,,,,9786263397859,9786263397859.0,,,熟女記48(限),,熟女記48(限),,,熟女記48限,熟女記48限,,,,,,,卡牌,卡牌,,,,,,,河圖文化,,河圖文化,,,2025/7/25,2025/7/25,2025/7/25,,,180.0,180.0,,,文學小說-華文創作-小說,,,,,https://www.books.com.tw/products/E050275986,,,False,0
E253-12561,NEW942,E253-10561,FIND_3316,E050291687,,,,,,,9786263397989,9786263397989.0,,,熟女記49(限),,熟女記49(限),,,熟女記49限,熟女記49限,,,,,,,卡牌,卡牌,,,,,,,河圖文化,,河圖文化,,,2025/7/27,2025/7/27,2025/7/27,,,180.0,180.0,,,文學小說-華文創作-小說,,,,,https://www.books.com.tw/products/E050291687,,,False,0
E253-12562,NEW943,E253-10562,FIND_3317,E050291688,,,,,,,9786263397996,9786263397996.0,,,熟女記50(限),,熟女記50(限),,,熟女記50限,熟女記50限,,,,,,,卡牌,卡牌,,,,,,,河圖文化,,河圖文化,,,2025/7/27,2025/7/27,2025/7/27,,,180.0,180.0,,,文學小說-華文創作-小說,,,,,https://www.books.com.tw/products/E050291688,,,False,0
E253-12563,NEW944,E253-10563,FIND_3318,E050291689,,,,,,,9786263398023,9786263398023.0,,,熟女記51(限),,熟女記51(限),,,熟女記51限,熟女記51限,,,,,,,卡牌,卡牌,,,,,,,河圖文化,,河圖文化,,,2025/8/16,2025/8/16,2025/8/16,,,180.0,180.0,,,文學小說-華文創作-小說,,,,,https://www.books.com.tw/products/E050291689,,,False,0
E253-12564,NEW945,E253-10564,FIND_3319,E050291690,,,,,,,9786263398030,9786263398030.0,,,熟女記52(限),,熟女記52(限),,,熟女記52限,熟女記52限,,,,,,,卡牌,卡牌,,,,,,,河圖文化,,河圖文化,,,2025/8/16,2025/8/16,2025/8/16,,,180.0,180.0,,,文學小說-華文創作-小說,,,,,https://www.books.com.tw/products/E050291690,,,False,0
E253-06234,E253-05262,E253-06231,,E050291691,,,,,,,,,,,熟女記53(限)(電子書),,熟女記53(限) (電子書),,,熟女記53限電子書,熟女記53限電子書,,,,,,,卡牌,卡牌,,,,,,,河圖文化,河圖文化,河圖文化,,,2025/9/22,2025/9/22,2025/9/22,,,180.0,180.0,,,中文書 >  文學小說 > 華文創作 > 小說,,,,,https://www.books.com.tw/products/E050291691,,,False,0
E253-06235,E253-05263,E253-06232,,E050291692,,,,,,,,,,,熟女記54(限)(電子書),,熟女記54(限) (電子書),,,熟女記54限電子書,熟女記54限電子書,,,,,,,卡牌,卡牌,,,,,,,河圖文化,河圖文化,河圖文化,,,2025/9/22,2025/9/22,2025/9/22,,,180.0,180.0,,,中文書 >  文學小說 > 華文創作 > 小說,,,,,https://www.books.com.tw/products/E050291692,,,False,0
E253-06240,E253-01674,E253-06237,,,uibYr-YC-DOZi1F7yVTz8A,210409747000101.0,6710560820005,,6710560820005.0,9786264227179.0,6710560820005,,6710560820005.0,9786264227179.0,緣同學的反差感太犯規了(第5話),,,緣同學的反差感太犯規了(第5話),緣同學的反差感太犯規了(第5話),緣同學的反差感太犯規了第5話,,緣同學的反差感太犯規了第5話,緣同學的反差感太犯規了第5話,,,,,Ando Mami,,Ando Mami,Ando Mami,,,,,青文出版社,青文出版社股份有限公司,,青文出版社,青文出版社,,,,2025/9/11,2025/9/11,,,39.0,39.0,,"漫畫、圖畫小說和漫畫, 愛情",漫畫-戀愛故事,EPUB 3 (Adobe DRM),固定版面 EPUB,,https://www.kobo.com/tw/zh/ebook/uibYr-YC-DOZi1F7yVTz8A,https://readmoo.com/book/210409747000101,False,1
E253-06241,E253-01675,E253-06237,,,uibYr-YC-DOZi1F7yVTz8A,,6710560820005,,6710560820005.0,,6710560820005,,6710560820005.0,,緣同學的反差感太犯規了(第5話),,,緣同學的反差感太犯規了(第5話),,緣同學的反差感太犯規了第5話,,緣同學的反差感太犯規了第5話,,,,,,Ando Mami,,Ando Mami,,,,,,青文出版社,青文出版社股份有限公司,,青文出版社,,,,,2025/9/11,,,,39.0,,,漫畫、圖畫小說和漫畫-愛情,,EPUB 3 (Adobe DRM),,,https://www.kobo.com/tw/zh/ebook/uibYr-YC-DOZi1F7yVTz8A,,False,1
E253-06245,E253-05604,E253-06242,,,,210410954000101.0,9786269985364,,,9786269985364.0,9786269985364,,,9786269985364.0,蓮華頌（一）：女Alpha的鳳紋祕法,,,,蓮華頌（一）        ：女Alpha的鳳紋祕法,蓮華頌一女Alpha的鳳紋祕法,,,蓮華頌一女Alpha的鳳紋祕法,,,,,雲芩子,,,雲芩子,,,,,戀采雲墨,,,,戀采雲墨,2025/9/21,2025/9/21,,,2025/9/21,77.0,,,77.0,,,輕小說-奇幻冒險,,流動版面 EPUB,,,https://readmoo.com/book/210410954000101,False,2
E253-06244,E253-05254,E253-06241,,E050293567,,,,,,,,,,,蓮華頌(一)(電子書),,蓮華頌(一) (電子書),,,蓮華頌一電子書,蓮華頌一電子書,,,,,,,雲芩子,雲芩子,,,,,,,戀采雲墨,,戀采雲墨,,,2025/9/21,2025/9/21,2025/9/21,,,77.0,77.0,,,中文書 >  文學小說 > 華文創作 > 小說,,,,,https://www.books.com.tw/products/E050293567,,,False,3
E253-06247,E253-05605,E253-06244,,,,210410962000101.0,9786269985371,,,9786269985371.0,9786269985371,,,9786269985371.0,蓮華頌（二）：女Alpha的鳳紋祕法,,,,蓮華頌（二）        ：女Alpha的鳳紋祕法,蓮華頌二女Alpha的鳳紋祕法,,,蓮華頌二女Alpha的鳳紋祕法,,,,,雲芩子,,,雲芩子,,,,,戀采雲墨,,,,戀采雲墨,2025/9/21,2025/9/21,,,2025/9/21,77.0,,,77.0,,,輕小說-奇幻冒險,,流動版面 EPUB,,,https://readmoo.com/book/210410962000101,False,2
E253-06246,E253-05255,E253-06243,,E050293568,,,,,,,,,,,蓮華頌(二)(電子書),,蓮華頌(二) (電子書),,,蓮華頌二電子書,蓮華頌二電子書,,,,,,,雲芩子,雲芩子,,,,,,,戀采雲墨,,戀采雲墨,,,2025/9/21,2025/9/21,2025/9/21,,,77.0,77.0,,,中文書 >  文學小說 > 華文創作 > 小說,,,,,https://www.books.com.tw/products/E050293568,,,False,3
E253-12572,NEW4228,E253-10572,FIND_3327,,,210410963000101.0,9786269985388,,,9786269985388.0,9786269985388,,,9786269985388.0,蓮華頌（三）：女Alpha的鳳紋祕法,,,,蓮華頌（三）：女Alpha的鳳紋祕法,蓮華頌三女Alpha的鳳紋祕法,,,蓮華頌三女Alpha的鳳紋祕法,女Alpha的鳳紋祕法,,,女Alpha的鳳紋祕法,雲芩子,,,雲芩子,,,,,戀采雲墨,,,,戀采雲墨,2025/9/21,2025/9/21,,,2025/9/21,77.0,,,77.0,,,輕小說-奇幻冒險,,流動版面 EPUB,,,https://readmoo.com/book/210410963000101,False,2
E253-06248,E253-05256,E253-06245,,E050293569,,,,,,,,,,,蓮華頌(三)(電子書),,蓮華頌(三) (電子書),,,蓮華頌三電子書,蓮華頌三電子書,,,,,,,雲芩子,雲芩子,,,,,,,戀采雲墨,,戀采雲墨,,,2025/9/21,2025/9/21,2025/9/21,,,77.0,77.0,,,中文書 >  文學小說 > 華文創作 > 小說,,,,,https://www.books.com.tw/products/E050293569,,,False,3
E253-06249,E253-05606,E253-06246,,,,210410964000101.0,9786269985395,,,9786269985395.0,9786269985395,,,9786269985395.0,蓮華頌（四）．完：女Alpha的鳳紋祕法,,,,蓮華頌（四）．完        ：女Alpha的鳳紋祕法,蓮華頌四完女Alpha的鳳紋祕法,,,蓮華頌四完女Alpha的鳳紋祕法,,,,,雲芩子,,,雲芩子,,,,,戀采雲墨,,,,戀采雲墨,2025/9/21,2025/9/21,,,2025/9/21,77.0,,,77.0,,,輕小說-奇幻冒險,,流動版面 EPUB,,,https://readmoo.com/book/210410964000101,False,2
E253-06250,E253-05257,E253-06247,,E050293570,,,,,,,,,,,蓮華頌(四)完(電子書),,蓮華頌(四)完 (電子書),,,蓮華頌四完電子書,蓮華頌四完電子書,,,,,,,雲芩子,雲芩子,,,,,,,戀采雲墨,,戀采雲墨,,,2025/9/21,2025/9/21,2025/9/21,,,77.0,77.0,,,中文書 >  文學小說 > 華文創作 > 小說,,,,,https://www.books.com.tw/products/E050293570,,,False,-1
E253-06252 / E253-06251,E253-00575 / E253-06683,E253-06250 / E253-06248,,,Im_UuR9m_DKe98yfvOmrzA,210400966000101.0,9786264330480,,9786264330480.0,9786264330480.0,9786264330480,,9786264330480.0,9786264330480.0,蔡志忠漫畫大珠慧海：頓悟入道要門論,,,蔡志忠漫畫大珠慧海：頓悟入道要門論,蔡志忠漫畫大珠慧海：頓悟入道要門論,蔡志忠漫畫大珠慧海頓悟入道要門論電子書,,蔡志忠漫畫大珠慧海頓悟入道要門論,蔡志忠漫畫大珠慧海頓悟入道要門論,Zen Master Dazhu Huihai in Comics,,Zen Master Dazhu Huihai in Comics,,蔡志忠,,蔡志忠,蔡志忠,,,,,大塊文化,大塊文化出版股份有限公司,,大塊文化,大塊文化,2025/7/25,2025/7/31,,2025/7/31,2025/7/25,280.0,,280.0,280.0,,"漫畫、圖畫小說和漫畫, 宗教","分類導覽, 宗教, 佛教, 蔡志忠漫畫大珠慧海：頓悟入道要門論",EPUB 3 (Adobe DRM),固定版面 EPUB,,https://www.kobo.com/tw/zh/ebook/Im_UuR9m_DKe98yfvOmrzA,https://readmoo.com/book/210400966000101,False,4
E253-06253,E253-02851,E253-06250,,E050276001,Im_UuR9m_DKe98yfvOmrzA,210400966000101.0,9786264330480,,9786264330480.0,9786264330480.0,9786264330480,9786264330480.0,9786264330480.0,9786264330480.0,蔡志忠漫畫大珠慧海：頓悟入道要門論(電子書),,蔡志忠漫畫大珠慧海：頓悟入道要門論 (電子書),蔡志忠漫畫大珠慧海：頓悟入道要門論,蔡志忠漫畫大珠慧海：頓悟入道要門論,蔡志忠漫畫大珠慧海頓悟入道要門論電子書,蔡志忠漫畫大珠慧海頓悟入道要門論電子書,蔡志忠漫畫大珠慧海頓悟入道要門論,蔡志忠漫畫大珠慧海頓悟入道要門論,Zen Master Dazhu Huihai in Comics,,Zen Master Dazhu Huihai in Comics,,蔡志忠,蔡志忠,蔡志忠,蔡志忠,,,,,大塊文化,大塊文化出版股份有限公司,大塊文化,大塊文化,大塊文化,2025/7/25,2025/7/31,2025/7/25,2025/7/31,2025/7/25,280.0,246.0,280.0,280.0,中文書 >  宗教命理 > 佛教 > 禪修,漫畫、圖畫小說和漫畫-宗教,宗教-佛教,EPUB 3 (Adobe DRM),固定版面 EPUB,https://www.books.com.tw/products/E050276001,https://www.kobo.com/tw/zh/ebook/Im_UuR9m_DKe98yfvOmrzA,https://readmoo.com/book/210400966000101,False,4
E253-06255 / E253-06254,E253-00576 / E253-06684,E253-06253 / E253-06251,,,m8lze1-JCzWg5DVG3qnYbQ,210400965000101.0,9786264330497,,9786264330497.0,9786264330497.0,9786264330497,,9786264330497.0,9786264330497.0,蔡志忠漫畫大珠慧海：諸方門人參問語錄,,,蔡志忠漫畫大珠慧海：諸方門人參問語錄,蔡志忠漫畫大珠慧海：諸方門人參問語錄,蔡志忠漫畫大珠慧海諸方門人參問語錄電子書,,蔡志忠漫畫大珠慧海諸方門人參問語錄,蔡志忠漫畫大珠慧海諸方門人參問語錄,Zen Master Dazhu Huihai in Comics,,Zen Master Dazhu Huihai in Comics,,蔡志忠,,蔡志忠,蔡志忠,,,,,大塊文化,大塊文化出版股份有限公司,,大塊文化,大塊文化,2025/7/25,2025/7/31,,2025/7/31,2025/7/25,245.0,,245.0,245.0,,"漫畫、圖畫小說和漫畫, 宗教","分類導覽, 宗教, 佛教, 蔡志忠漫畫大珠慧海：諸方門人參問語錄",EPUB 3 (Adobe DRM),固定版面 EPUB,,https://www.kobo.com/tw/zh/ebook/m8lze1-JCzWg5DVG3qnYbQ,https://readmoo.com/book/210400965000101,False,5
E253-06256,E253-02852,E253-06253,,E050276002,m8lze1-JCzWg5DVG3qnYbQ,210400965000101.0,9786264330497,,9786264330497.0,9786264330497.0,9786264330497,9786264330497.0,9786264330497.0,9786264330497.0,蔡志忠漫畫大珠慧海：諸方門人參問語錄(電子書),,蔡志忠漫畫大珠慧海：諸方門人參問語錄 (電子書),蔡志忠漫畫大珠慧海：諸方門人參問語錄,蔡志忠漫畫大珠慧海：諸方門人參問語錄,蔡志忠漫畫大珠慧海諸方門人參問語錄電子書,蔡志忠漫畫大珠慧海諸方門人參問語錄電子書,蔡志忠漫畫大珠慧海諸方門人參問語錄,蔡志忠漫畫大珠慧海諸方門人參問語錄,Zen Master Dazhu Huihai in Comics,,Zen Master Dazhu Huihai in Comics,,蔡志忠,蔡志忠,蔡志忠,蔡志忠,,,,,大塊文化,大塊文化出版股份有限公司,大塊文化,大塊文化,大塊文化,2025/7/25,2025/7/31,2025/7/25,2025/7/31,2025/7/25,245.0,245.0,245.0,245.0,中文書 >  宗教命理 > 佛教 > 禪修,漫畫、圖畫小說和漫畫-宗教,宗教-佛教,EPUB 3 (Adobe DRM),固定版面 EPUB,https://www.books.com.tw/products/E050276002,https://www.kobo.com/tw/zh/ebook/m8lze1-JCzWg5DVG3qnYbQ,https://readmoo.com/book/210400965000101,False,5
E253-12573,NEW953,E253-10573,FIND_3328,E050285087,,,9787559627902,9787559627902.0,,,,,,,蔡東藩六史(共6冊),,蔡東藩六史(共6冊),,,蔡東藩六史共6冊,蔡東藩六史共6冊,,,,,,,蔡東藩,蔡東藩,,,,,,,聯合讀創,,聯合讀創,,,2025/8/1,2025/8/1,2025/8/1,,,1980.0,1980.0,,,人文社科-歷史-中國歷史-中國通史,,,,,https://www.books.com.tw/products/E050285087,,,False,6
E253-12574,NEW954,E253-10574,FIND_3329,E050288670,,,,,,,,,,,蔡東藩六史(套裝共6冊),,蔡東藩六史(套裝共6冊),,,蔡東藩六史套裝共6冊,蔡東藩六史套裝共6冊,,,,,,,蔡東藩,蔡東藩,,,,,,,聯合讀創,,聯合讀創,,,2025/8/1,2025/8/1,2025/8/1,,,1980.0,1980.0,,,人文社科-歷史-中國歷史-中國通史,,,,,https://www.books.com.tw/products/E050288670,,,False,6
E253-06264,E253-02267,E253-06261,,,qWbt8qvXnDCHj9P42ltx7A,210413596000101.0,9786267735756,,9786267735756.0,9786267735756.0,9786267735756,,9786267735756.0,9786267735756.0,複利思維：巴菲特財富爆發增長的底層邏輯！一種自動循環且不斷反覆增強的神奇思維模式,,,複利思維：巴菲特財富爆發增長的底層邏輯！一種自動循環且不斷反覆增強的神奇思維模式,複利思維,複利思維巴菲特財富爆發增長的底層邏輯一種自動循環且不斷反覆增強的神奇思維模式,,複利思維巴菲特財富爆發增長的底層邏輯一種自動循環且不斷反覆增強的神奇思維模式,複利思維,,,,,張文凡,,張文凡,張文凡,,,,,春天出版集團,春天出版國際文化有限公司,,春天出版集團,春天出版,2025/9/30,2025/9/30,,2025/9/30,2025/9/30,250.0,,250.0,250.0,,非小說-健康與幸福-自助,商業理財-投資理財,EPUB 3 (Adobe DRM),流動版面 EPUB,,https://www.kobo.com/tw/zh/ebook/qWbt8qvXnDCHj9P42ltx7A,https://readmoo.com/book/210413596000101,False,-1
E253-06263 / E253-06262,E253-05419 / E253-05448,E253-06260 / E253-06259,,E050292396,,210413596000101.0,（空白）/ 9786267735756,,,9786267735756.0,（空白）/ 9786267735756,,,9786267735756.0,複利思維(電子書),,複利思維 (電子書),,複利思維,複利思維電子書,複利思維電子書,,複利思維,,,,,張文凡,張文凡,,張文凡,,,,,春天出版社,春天出版國際文化有限公司,春天出版社,,春天出版,2025/9/30,2025/9/30,2025/9/30,,2025/9/30,330.0,330.0,,250.0,中文書 >  商業理財 > 成功法 > 自我成長,,"分類導覽, 商業理財, 投資理財, 複利思維",,流動版面 EPUB,https://www.books.com.tw/products/E050292396,,https://readmoo.com/book/210413596000101,False,-1
E253-12577,NEW955,E253-10577,FIND_3331,E050287874,,,9786264351270,9786264351270.0,,,9786264352093,9786264352093.0,,,複製品的我也會談戀愛。(4),,複製品的我也會談戀愛。(4),,,複製品的我也會談戀愛4,複製品的我也會談戀愛4,,,レプリカだって、恋をする。 (4),レプリカだって、恋をする。 (4),,,榛名丼,榛名丼,,,,,,,台灣角川,,台灣角川,,,2025/8/12,2025/8/12,2025/8/12,,,180.0,180.0,,,輕小說-翻譯作品-戀愛故事,,,,,https://www.books.com.tw/products/E050287874,,,False,7
E253-12581,NEW4104,E253-10581,FIND_3335,,,210407766000101.0,9786264352093,,,9786264352093.0,9786264352093,,,9786264352093.0,複製品的我也會談戀愛。(4)(小說),,,,複製品的我也會談戀愛。(4)(小說),複製品的我也會談戀愛4小說,,,複製品的我也會談戀愛4小說,,,,,榛名丼,,,榛名丼,,,,,台灣角川,,,,台灣角川,2025/8/12,2025/8/12,,,2025/8/12,180.0,,,180.0,,,輕小說-校園戀愛,,流動版面 EPUB,,,https://readmoo.com/book/210407766000101,False,7
E253-12644,NEW985,E253-10644,FIND_3392,E050289329,,,9786264351249,9786264351249.0,,,9786264352147,9786264352147.0,,,鄰國來的新娘太可愛了該怎麼辦?(2),,鄰國來的新娘太可愛了該怎麼辦?(2),,,鄰國來的新娘太可愛了該怎麼辦2,鄰國來的新娘太可愛了該怎麼辦2,,,,,,,さくら青嵐,さくら青嵐,,,,,,,台灣角川,,台灣角川,,,2025/8/22,2025/8/22,2025/8/22,,,180.0,180.0,,,輕小說-翻譯作品-戀愛故事,,,,,https://www.books.com.tw/products/E050289329,,,False,-1
E253-12645,NEW3119,E253-10645,FIND_3393,,,210409508000101.0,9786264352147,,,9786264352147.0,9786264352147,,,9786264352147.0,鄰國來的新娘太可愛了該怎麼辦？(2)：被稱作冬熊的我來到附贈泳池的別墅作為獎勵！,,,,鄰國來的新娘太可愛了該怎麼辦？(2)：被稱作冬熊的我來到附贈泳池的別墅作為獎勵！,鄰國來的新娘太可愛了該怎麼辦2被稱作冬熊的我來到附贈泳池的別墅作為獎勵,,,鄰國來的新娘太可愛了該怎麼辦2被稱作冬熊的我來到附贈泳池的別墅作為獎勵,被稱作冬熊的我來到附贈泳池的別墅作為獎勵！,,,被稱作冬熊的我來到附贈泳池的別墅作為獎勵！,さくら青嵐,,,さくら青嵐,,,,,台灣角川,,,,台灣角川,2025/8/22,2025/8/22,,,2025/8/22,180.0,,,180.0,,,輕小說-校園戀愛,,流動版面 EPUB,,,https://readmoo.com/book/210409508000101,False,-1
E253-06375,E253-00331,E253-06372,,,93oVb-d9uTO84pIJql8SLA,210400077000101.0,9786260145019,,9786260145019.0,9786260145019.0,9786260145019,,9786260145019.0,9786260145019.0,學習四象限：打造屬於你的高效學習藍圖,,,學習四象限：打造屬於你的高效學習藍圖,學習四象限：打造屬於你的高效學習藍圖        ：打造屬於你的高效學習藍圖,學習四象限打造屬於你的高效學習藍圖,,學習四象限打造屬於你的高效學習藍圖,學習四象限打造屬於你的高效學習藍圖打造屬於你的高效學習藍圖,打造屬於你的高效學習藍圖,,打造屬於你的高效學習藍圖,,宗逸 陳,,宗逸 陳,陳宗逸,,,,,陳宗逸,,,陳宗逸,陳宗逸,2025/7/1,2025/7/18,,2025/7/18,2025/7/1,315.0,,315.0,280.0,,非小說-參考與語言-研究輔助,勵志成長-個人成長,EPUB 3 (Adobe DRM),流動版面 EPUB,,https://www.kobo.com/tw/zh/ebook/93oVb-d9uTO84pIJql8SLA,https://readmoo.com/book/210400077000101,False,8
E253-06376,E253-07032,E253-06373,,,,210400077000101.0,9786260145019,,,9786260145019.0,9786260145019,,,9786260145019.0,學習四象限：打造屬於你的高效學習藍圖：打造屬於你的高效學習藍圖,,,,學習四象限：打造屬於你的高效學習藍圖        ：打造屬於你的高效學習藍圖,學習四象限打造屬於你的高效學習藍圖打造屬於你的高效學習藍圖,,,學習四象限打造屬於你的高效學習藍圖打造屬於你的高效學習藍圖,,,,,陳宗逸,,,陳宗逸,,,,,陳宗逸,,,,陳宗逸,2025/7/1,2025/7/1,,,2025/7/1,280.0,,,280.0,,,"分類導覽, 學習輔助與工具書, 學習方法, 學習四象限：打造屬於你的高效學習藍圖",,流動版面 EPUB,,,https://readmoo.com/book/210400077000101,False,8
E253-06406 / E253-06405,E253-05658 / E253-01793,E253-06402,,,jyQ38zhMbDOR-heYTCGvug,210410545000101.0,9789570877649,,9789570877649.0,9789570877649.0,9789570877649,,9789570877649.0,9789570877649.0,樹冠羞避,,,樹冠羞避,樹冠羞避,樹冠羞避,,樹冠羞避,樹冠羞避,,,,,卓霈欣,,卓霈欣,卓霈欣,,,,,聯經出版,聯經出版事業股份有限公司,,聯經出版事業公司,聯經出版,2025/9/18,2025/9/18,,2025/9/18,2025/9/18,294.0,,294.0,294.0,,漫畫、圖畫小說和漫畫-文學,藝術設計-繪畫,EPUB 3 (Adobe DRM),固定版面 EPUB,,https://www.kobo.com/tw/zh/ebook/jyQ38zhMbDOR-heYTCGvug,https://readmoo.com/book/210410545000101,False,9
E253-06407,E253-05227,E253-06404,,E050290598,,,,,,,,,,,樹冠羞避(電子書),,樹冠羞避 (電子書),,,樹冠羞避電子書,樹冠羞避電子書,,,,,,,卓霈欣,卓霈欣,,,,,,,聯經出版公司,聯經出版事業股份有限公司,聯經出版公司,,,2025/9/18,2025/9/18,2025/9/18,,,294.0,294.0,,,中文書 >  生活風格 > 圖文書/繪本 > 華文圖文書/繪本,,,,,https://www.books.com.tw/products/E050290598,,,False,9
E253-12693,NEW1008,E253-10693,FIND_3437,E050275714,,,9786264350075,9786264350075.0,,,9786264350778,9786264350778.0,,,橡樹之下1,,橡樹之下1,,,橡樹之下1,橡樹之下1,,,상수리나무 아래1,상수리나무 아래1,,,Suji Kim,Suji Kim,,,,,,,台灣角川,,台灣角川,,,2025/7/25,2025/7/25,2025/7/25,,,285.0,285.0,,,輕小說-翻譯作品-戀愛故事,,,,,https://www.books.com.tw/products/E050275714,,,False,-1
E253-12694,NEW3272,E253-10694,FIND_3438,,,210400525000101.0,9786264350778,,,9786264350778.0,9786264350778,,,9786264350778.0,橡樹之下1（小說）,,,,橡樹之下1（小說）,橡樹之下1小說,,,橡樹之下1小說,,,,,Kim Suji,,,Kim Suji,,,,,台灣角川,,,,台灣角川,2025/7/25,2025/7/25,,,2025/7/25,285.0,,,285.0,,,輕小說-校園戀愛,,流動版面 EPUB,,,https://readmoo.com/book/210400525000101,False,-1
E253-06428 / E253-06427,E253-02106 / E253-05519,E253-06425 / E253-06424,,,FF9xGBf7aTCbe7voiOvmCA,210416633000101.0,9786267648551 / 9786267648452,,9786267648551.0,9786267648452.0,9786267648551,,9786267648551.0,9786267648551.0,獨角獸，炒作與泡沫：新科技熱門話題，是真商機還是假訊號？美日新加坡資歷超過45年，卡內基美隆博士教你如何識別、避開、與充分利用。,,,獨角獸，炒作與泡沫：新科技熱門話題，是真商機還是假訊號？美日新加坡資歷超過45年，卡內基美隆博士教你如何識別、避開、與充分利用。,獨角獸，炒作與泡沫        ：新科技熱門話題，是真商機還是假訊號？美日新加坡資歷超過45年，卡內基美隆博士教你如何識別、避開、與充分利用。,獨角獸炒作與泡沫新科技熱門話題是真商機還是假訊號美日新加坡資歷超過45年卡內基美隆博士教你如何識別避開與充分利用,,獨角獸炒作與泡沫新科技熱門話題是真商機還是假訊號美日新加坡資歷超過45年卡內基美隆博士教你如何識別避開與充分利用,獨角獸炒作與泡沫新科技熱門話題是真商機還是假訊號美日新加坡資歷超過45年卡內基美隆博士教你如何識別避開與充分利用,"Unicorns, Hype and Bubbles: A Guide to Spotting, Avoiding and Exploiting Investment Bubbles in Tech.",,"Unicorns, Hype and Bubbles: A Guide to Spotting, Avoiding and Exploiting Investment Bubbles in Tech.","Unicorns, Hype and Bubbles                        : A Guide to Spotting, Avoiding and Exploiting Investment Bubbles in Tech.","傑佛瑞．方克, Jeffrey Funk",,"傑佛瑞．方克, Jeffrey Funk",傑佛瑞．方克,,,,李宛蓉,大是文化,,,大是文化,大是文化,2025/9/25,2025/9/25,,2025/9/25,2025/9/25,381.0,,381.0,381.0,,企業與金融-經濟學-經濟發展,商業理財-趨勢現象,EPUB 3 (Adobe DRM),流動版面 EPUB,,https://www.kobo.com/tw/zh/ebook/FF9xGBf7aTCbe7voiOvmCA,https://readmoo.com/book/210416633000101,False,-1
E253-06426,E253-05338,E253-06423,,E050292532,,,9786267648452,9786267648452.0,,,9786267648551,9786267648551.0,,,獨角獸，炒作與泡沫(電子書),,獨角獸，炒作與泡沫 (電子書),,,獨角獸炒作與泡沫電子書,獨角獸炒作與泡沫電子書,,,"Unicorns, Hype and Bubbles: A Guide to Spotting, Avoiding and Exploiting Investment Bubbles in Tech.","Unicorns, Hype and Bubbles: A Guide to Spotting, Avoiding and Exploiting Investment Bubbles in Tech.",,,傑佛瑞．方克,傑佛瑞．方克,,,李宛蓉,李宛蓉,,,大是文化,大是文化有限公司,大是文化,,,2025/9/25,2025/9/25,2025/9/25,,,560.0,560.0,,,中文書 >  商業理財 > 經濟／趨勢 > 觀念／趨勢,,,,,https://www.books.com.tw/products/E050292532,,,False,-1
E253-06446,E253-01877,E253-06443,,,2dKrB-UZkzqUEixtjY0deg,,9786267613801,,9786267613801.0,,9786267613801,,9786267613801.0,,褪黑激素神奇療癒力,,,褪黑激素神奇療癒力,,褪黑激素神奇療癒力,,褪黑激素神奇療癒力,,讓你有好睡眠、還可抗衰老、增強免疫力，降低癌症、糖尿病、心臟病、失智等疾病風險,,讓你有好睡眠、還可抗衰老、增強免疫力，降低癌症、糖尿病、心臟病、失智等疾病風險,,"羅素．瑞特, 喬．羅賓遜",,"羅素．瑞特, 喬．羅賓遜",,,,,,柿子文化,,,柿子文化,,2025/9/21,2025/9/21,,2025/9/21,,480.0,,480.0,,,非小說-健康與幸福-自助,,EPUB 3 (Adobe DRM),,,https://www.kobo.com/tw/zh/ebook/2dKrB-UZkzqUEixtjY0deg,,False,-1
E253-06447,E253-05593,E253-06444,,,,210411605000101.0,9786267613726,,,9786267613726.0,9786267613801,,,9786267613801.0,褪黑激素神奇療癒力：讓你有好睡眠、還可抗衰老、增強免疫力，降低癌症、糖尿病、心臟病、失智等疾病風險,,,,褪黑激素神奇療癒力        ：讓你有好睡眠、還可抗衰老、增強免疫力，降低癌症、糖尿病、心臟病、失智等疾病風險,褪黑激素神奇療癒力讓你有好睡眠還可抗衰老增強免疫力降低癌症糖尿病心臟病失智等疾病風險,,,褪黑激素神奇療癒力讓你有好睡眠還可抗衰老增強免疫力降低癌症糖尿病心臟病失智等疾病風險,Melatonin,,,Melatonin,羅素．瑞特,,,羅素．瑞特,李明芝,,,李明芝,柿子文化事業有限公司,柿子文化事業有限公司,,,柿子文化事業有限公司,2025/9/22,2025/9/22,,,2025/9/22,480.0,,,480.0,,,醫療保健-家庭醫學,,流動版面 EPUB,,,https://readmoo.com/book/210411605000101,False,-1
E253-06454,E253-00868,E253-06451,,,LfXknfL9-T6ajtQulrxKbw,,9786267735572,,9786267735572.0,,9786267735572,,9786267735572.0,,親愛的末期癌症：蔡康永真情推薦！低谷總裁的二十堂生命體悟課,,,親愛的末期癌症：蔡康永真情推薦！低谷總裁的二十堂生命體悟課,,親愛的末期癌症蔡康永真情推薦低谷總裁的二十堂生命體悟課,,親愛的末期癌症蔡康永真情推薦低谷總裁的二十堂生命體悟課,,,,,,王俊傑,,王俊傑,,,,,,春天出版集團,春天出版國際文化有限公司,,春天出版集團,,2025/8/13,2025/8/13,,2025/8/13,,260.0,,260.0,,,"非小說, 健康與幸福, 自助, 自我改善, 勵志",,EPUB 3 (Adobe DRM),,,https://www.kobo.com/tw/zh/ebook/LfXknfL9-T6ajtQulrxKbw,,False,-1
E253-06453,E253-03730,E253-06450,,E050283689,,,,,,,9786267735572,9786267735572.0,,,親愛的末期癌症(電子書),,親愛的末期癌症 (電子書),,,親愛的末期癌症電子書,親愛的末期癌症電子書,,,,,,,王俊傑,王俊傑,,,,,,,春天出版社,春天出版國際文化有限公司,春天出版社,,,2025/8/13,2025/8/13,2025/8/13,,,228.0,228.0,,,中文書 >  心理勵志 > 勵志故事/散文 > 真實人生故事,,,,,https://www.books.com.tw/products/E050283689,,,False,-1
E253-06462,E253-06820,E253-06459,,,,210399032000101.0,9786264201537,,,9786264201537.0,9786264201681,,,9786264201681.0,貓狗營養學：掌握毛小孩飲食營養需求，正確選擇食物、改善疾病症狀,,,,貓狗營養學        ：掌握毛小孩飲食營養需求， 正確選擇食物、改善疾病症狀,貓狗營養學掌握毛小孩飲食營養需求正確選擇食物改善疾病症狀,,,貓狗營養學掌握毛小孩飲食營養需求正確選擇食物改善疾病症狀,,,,,柯亞彤,,,柯亞彤,,,,,晨星出版有限公司,晨星出版有限公司,,,晨星出版有限公司,2025/7/15,2025/7/15,,,2025/7/15,294.0,,,294.0,,,"分類導覽, 生活風格, 寵物, 貓狗營養學",,固定版面 EPUB,,,https://readmoo.com/book/210399032000101,False,10
E253-06461,E253-02669,E253-06458,,E050274182,,,,,,,9786264201681,9786264201681.0,,,貓狗營養學(二版)：掌握毛小孩飲食營養需求，正確選擇食物、改善疾病症狀(電子書),,貓狗營養學(二版)：掌握毛小孩飲食營養需求， 正確選擇食物、改善疾病症狀 (電子書),,,貓狗營養學二版掌握毛小孩飲食營養需求正確選擇食物改善疾病症狀電子書,貓狗營養學二版掌握毛小孩飲食營養需求正確選擇食物改善疾病症狀電子書,,,,,,,柯亞彤,柯亞彤,,,,,,,晨星,晨星出版有限公司,晨星,,,2025/7/15,2025/7/15,2025/7/15,,,258.0,258.0,,,中文書 >  生活風格 > 寵物 > 貓,,,,,https://www.books.com.tw/products/E050274182,,,False,10
E253-06530,E253-03028,E253-06527,,E050276016,,210401695000101.0,9786267733165,9786267733165.0,,9786267733165.0,9786267733417,9786267733417.0,,9786267733417.0,鴨川食堂(1-3珍藏套書)【王蘊潔全新譯本x川貝母視覺新詮釋】(電子書),,鴨川食堂(1-3珍藏套書)【王蘊潔全新譯本x川貝母視覺新詮釋】 (電子書),,鴨川食堂(1-3珍藏套書)【王蘊潔全新譯本x川貝母視覺新詮釋】(電子書),鴨川食堂13珍藏套書王蘊潔全新譯本x川貝母視覺新詮釋電子書,鴨川食堂13珍藏套書王蘊潔全新譯本x川貝母視覺新詮釋電子書,,鴨川食堂13珍藏套書王蘊潔全新譯本x川貝母視覺新詮釋電子書,鴨川食堂、鴨川食堂おかわり、鴨川食堂いつもの,鴨川食堂、鴨川食堂おかわり、鴨川食堂いつもの,,【Readmoo獨家臺灣獨家作者專訪小誌+作者親簽+川貝母繪製鴨川食堂數位海報】,柏井壽,柏井壽,,柏井壽,王蘊潔,,,王蘊潔,晴好出版,晴好出版,晴好出版,,晴好出版,2025/7/30,2025/7/30,2025/7/30,,2025/7/30,1140.0,1140.0,,798.0,中文書 >  文學小說 > 溫馨/療癒小說,,文學小說-文學-日本文學,,流動版面 EPUB,https://www.books.com.tw/products/E050276016,,https://readmoo.com/book/210401695000101,False,11
E253-12744,NEW4154,E253-10744,FIND_3484,,,210399408000101.0,,,,,,,,,鴨川食堂（1-3珍藏套書/王蘊潔全新譯本）【試讀本】,,,,鴨川食堂（1-3珍藏套書/王蘊潔全新譯本）【試讀本】,鴨川食堂13珍藏套書王蘊潔全新譯本試讀本,,,鴨川食堂13珍藏套書王蘊潔全新譯本試讀本,,,,,柏井壽,,,柏井壽,王蘊潔,,,王蘊潔,晴好出版,,,,晴好出版,2025/7/14,2025/7/14,,,2025/7/14,,,,0.0,,,文學小說-文學-日本文學,,流動版面 EPUB,,,https://readmoo.com/book/210399408000101,False,11
E253-06568,E253-00579,E253-06565,,,ai-37-1,210400988000101.0,9786264310413,,9786264310413.0,9786264310413.0,9786264310413,,9786264310413.0,9786264310413.0,懂得駕馭AI的追問思維：日本思考訓練權威教你37道練習，洞察問題背後的「為什麼」，讓你贏得好結果,,,懂得駕馭AI的追問思維：日本思考訓練權威教你37道練習，洞察問題背後的「為什麼」，讓你贏得好結果,懂得駕馭AI的追問思維：日本思考訓練權威教你37道練習，洞察問題背後的「為什麼」，讓你贏得好結果,懂得駕馭ai的追問思維日本思考訓練權威教你37道練習洞察問題背後的為什麼讓你贏得好結果,,懂得駕馭AI的追問思維日本思考訓練權威教你37道練習洞察問題背後的為什麼讓你贏得好結果,懂得駕馭AI的追問思維日本思考訓練權威教你37道練習洞察問題背後的為什麼讓你贏得好結果,Ｗｈｙ型思考トレーニング 自分で考える力が飛躍的にアップする３７問,,Ｗｈｙ型思考トレーニング 自分で考える力が飛躍的にアップする３７問,日本思考訓練權威教你37道練習，洞察問題背後的「為什麼」，讓你贏得好結果,細谷功,,細谷功,細谷功,鍾嘉惠,,,鍾嘉惠,采實文化,采實文化事業股份有限公司,,采實文化,采實文化,2025/7/31,2025/7/31,,2025/7/31,2025/7/31,266.0,,226.0,266.0,,企業與金融-生涯規劃與求職-職業,商業理財-職場工作,EPUB 3 (Adobe DRM),流動版面 EPUB,,https://www.kobo.com/tw/zh/ebook/ai-37-1,https://readmoo.com/book/210400988000101,False,12
E253-06569,E253-03093,E253-06566,,E050276126,,,,,,,,,,,懂得駕馭AI的追問思維：日本思考訓練權威教你37道練習，洞察問題背後的「為什麼」，讓你贏得好結果(電子書),,懂得駕馭AI的追問思維：日本思考訓練權威教你37道練習，洞察問題背後的「為什麼」，讓你贏得好結果 (電子書),,,懂得駕馭AI的追問思維日本思考訓練權威教你37道練習洞察問題背後的為什麼讓你贏得好結果電子書,懂得駕馭AI的追問思維日本思考訓練權威教你37道練習洞察問題背後的為什麼讓你贏得好結果電子書,,,,,,,細谷功,細谷功,,,鍾嘉惠,鍾嘉惠,,,采實文化,采實文化事業股份有限公司,采實文化,,,2025/7/31,2025/7/31,2025/7/31,,,380.0,380.0,,,中文書 >  商業理財 > 職場工作術 > 思考邏輯／決斷／創意,,,,,https://www.books.com.tw/products/E050276126,,,False,12
E253-06583,E253-00451,E253-06580,,,2SUD6nL-tDy8mQmOBKRBlg,,1230009232389,,1230009232389.0,,1230009232389,,1230009232389.0,,環球儷影(01),,,環球儷影(01),,環球儷影01,,環球儷影01,,重現跨時空裸影,,重現跨時空裸影,,青康武藏,,青康武藏,,,,,,卜十卞媒體工作室,,,卜十卞媒體工作室,,2025/7/26,2025/7/26,,2025/7/26,,183.0,,183.0,,,愛情-成人-情色攝影,,EPUB 3 (Adobe DRM),,,https://www.kobo.com/tw/zh/ebook/2SUD6nL-tDy8mQmOBKRBlg,,False,-1
E253-06584,E253-07033,E253-06581,,,,210401613000101.0,,,,,,,,,環球儷影(1)：重現跨時空裸影,,,,環球儷影 (1)        ：重現跨時空裸影,環球儷影1重現跨時空裸影,,,環球儷影1重現跨時空裸影,Global Lens,,,Global Lens,青康武藏,,,青康武藏,,,,,卜十卞媒體工作室,卜十卞媒體工作室,,,卜十卞媒體工作室,2025/7/1,2025/7/1,,,2025/7/1,200.0,,,200.0,,,"分類導覽, 寫真集, 人物畫集, 環球儷影 (1)",,固定版面 EPUB,,,https://readmoo.com/book/210401613000101,False,-1
E253-06607 / E253-06606,E253-00318 / E253-06773,E253-06604 / E253-06603,,,x-565,210400740000101.0,9786267672426,,9786267672426.0,9786267672426.0,9786267672426,,9786267672426.0,9786267672426.0,聲音【美國獨立出版獎最受喜愛傑出作品：認知學習X想像創意繪本】,,,聲音【美國獨立出版獎最受喜愛傑出作品：認知學習X想像創意繪本】,聲音        ：【美國獨立出版獎最受喜愛傑出作品：認知學習X想像創意繪本】,聲音美國獨立出版獎最受喜愛傑出作品認知學習x想像創意繪本,,聲音美國獨立出版獎最受喜愛傑出作品認知學習X想像創意繪本,聲音美國獨立出版獎最受喜愛傑出作品認知學習X想像創意繪本,Bir Ses,,Bir Ses,Bir Ses,"古爾夏‧葉門, Gülşah Yemen",,"古爾夏‧葉門, Gülşah Yemen",古爾夏‧葉門,王子沃,,,王子沃,城邦出版集團,城邦文化事業股份有限公司,,城邦出版集團,布克,2025/7/17,2025/7/17,,2025/7/17,2025/7/17,350.0,,350.0,350.0,,兒童-ABC、123-聲音,青少年與兒童-繪本,EPUB 3 (Adobe DRM),固定版面 EPUB,,https://www.kobo.com/tw/zh/ebook/x-565,https://readmoo.com/book/210400740000101,False,13
E253-06608,E253-02752,E253-06605,,E050276086,,,,,,,9786267672426,9786267672426.0,,,聲音【美國獨立出版獎最受喜愛傑出作品：認知學習X想像創意繪本】(電子書),,聲音【美國獨立出版獎最受喜愛傑出作品：認知學習X想像創意繪本】 (電子書),,,聲音美國獨立出版獎最受喜愛傑出作品認知學習X想像創意繪本電子書,聲音美國獨立出版獎最受喜愛傑出作品認知學習X想像創意繪本電子書,,,Bir Ses,Bir Ses,,,古爾夏‧葉門,古爾夏‧葉門,,,王子沃,王子沃,,,布克文化,布克文化出版事業部,布克文化,,,2025/7/17,2025/7/17,2025/7/17,,,231.0,231.0,,,中文書 >  童書/青少年文學 > 圖畫書 > 知識繪本,,,,,https://www.books.com.tw/products/E050276086,,,False,13
E253-06627,E253-06648,E253-06624,,,,210404873000101.0,9786267762004,,,9786267762004.0,9786267648940,,,9786267648940.0,賺錢生意，八成業績來自回頭客：我的「情感連結留客術」，不花錢培養回流客。健身房、美容美髮、餐飲、顧問諮詢……各行業都適用。,,,,賺錢生意，八成業績來自回頭客        ：我的「情感連結留客術」，不花錢培養回流客。健身房、美容美髮、餐飲、顧問諮詢……各行業都適用。,賺錢生意八成業績來自回頭客我的情感連結留客術不花錢培養回流客健身房美容美髮餐飲顧問諮詢各行業都適用,,,賺錢生意八成業績來自回頭客我的情感連結留客術不花錢培養回流客健身房美容美髮餐飲顧問諮詢各行業都適用,神・リピート集客術,,,神・リピート集客術,日野原大輔,,,日野原大輔,郭凡嘉,,,郭凡嘉,大是文化,大是文化有限公司,,,大是文化,2025/7/29,2025/7/29,,,2025/7/29,313.0,,,313.0,,,"分類導覽, 商業理財, 行銷企管, 賺錢生意，八成業績來自回頭客",,流動版面 EPUB,,,https://readmoo.com/book/210404873000101,False,-1
E253-06626,E253-02992,E253-06623,,E050275745,,210404873000101.0,9786267762004,,,9786267762004.0,9786267648940,,,9786267648940.0,賺錢生意，八成業績來自回頭客(電子書),,賺錢生意，八成業績來自回頭客 (電子書),,賺錢生意，八成業績來自回頭客        ：我的「情感連結留客術」，不花錢培養回流客。健身房、美容美髮、餐飲、顧問諮詢……各行業都適用。,賺錢生意八成業績來自回頭客電子書,賺錢生意八成業績來自回頭客電子書,,賺錢生意八成業績來自回頭客我的情感連結留客術不花錢培養回流客健身房美容美髮餐飲顧問諮詢各行業都適用,神・リピート集客術,,,神・リピート集客術,日野原大輔,日野原大輔,,日野原大輔,郭凡嘉,,,郭凡嘉,大是文化,大是文化有限公司,大是文化,,大是文化,2025/7/29,2025/7/29,2025/7/29,,2025/7/29,460.0,460.0,,313.0,中文書 >  商業理財 > 行銷/廣告/業務 > 行銷,,商業理財-行銷企管,,流動版面 EPUB,https://www.books.com.tw/products/E050275745,,https://readmoo.com/book/210404873000101,False,-1
E253-12770 / E253-12769,NEW1436 / NEW1021,E253-10770 / E253-10769,FIND_3508 / FIND_3507,E050283772,comic-2-3,,9786264303460 / 9786264301886,9786264301886.0,9786264303460.0,,9786264303460,9786264303460.0,9786264303460.0,,雖說是惡役千金，但攻略對象看起來也太異常＠COMIC(2),,雖說是惡役千金，但攻略對象看起來也太異常@COMIC(2),雖說是惡役千金，但攻略對象看起來也太異常＠COMIC(2),,雖說是惡役千金但攻略對象看起來也太異常COMIC2,雖說是惡役千金但攻略對象看起來也太異常COMIC2,雖說是惡役千金但攻略對象看起來也太異常COMIC2,,悪役令嬢ですが攻略対象の様子が異常すぎる＠COMIC,,悪役令嬢ですが攻略対象の様子が異常すぎる＠COMIC,,"宛, 稲井田そう, 八美☆わん","八美☆わん,宛,稲井田そう","宛, 稲井田そう, 八美☆わん",,,,,,,,長鴻出版社,,,2025/8/13,2025/8/13,2025/8/13,2025/8/13,,140.0,140.0,100.0,,漫畫/圖文書-戀愛故事-女性向,漫畫、圖畫小說和漫畫-連環漫畫-愛情,,EPUB 3 (Adobe DRM),,https://www.books.com.tw/products/E050283772,https://www.kobo.com/tw/zh/ebook/comic-2-3,,False,14
E253-20279,NEW3523,E253-20280,,,,210403876000101.0,9786264301886,,,9786264301886.0,9786264303460,,,9786264303460.0,雖說是惡役千金，但攻略對象看起來也太異常@COMIC(2),,,,雖說是惡役千金，但攻略對象看起來也太異常@COMIC(2),雖說是惡役千金但攻略對象看起來也太異常COMIC2,,,雖說是惡役千金但攻略對象看起來也太異常COMIC2,,,,,"八美☆わん,宛,稲井田そう",,,"八美☆わん,宛,稲井田そう",,,,,長鴻出版社,,,,長鴻出版社,2025/8/13,2025/8/13,,,2025/8/13,100.0,,,100.0,,,漫畫-科幻魔幻,,固定版面 EPUB,,,https://readmoo.com/book/210403876000101,False,14
E253-06646 / E253-06645,E253-05029 / E253-01597,E253-06643 / E253-06642,,E050292279,IfYxrMnagzC8DIctihRxPw,,（空白）/ 8969000033064,,8969000033064.0,,（空白）/ 8969000033064,,8969000033064.0,,點句成金(電子書),,點句成金 (電子書),點句成金,,點句成金電子書,點句成金電子書,點句成金,,,,繁體中文版,,子青,子青,子青,,,,,,博峰文化,博峰文化,博峰文化,博峰文化,,2025/9/8,2025/9/8,2025/9/8,2025/9/8,,210.0,210.0,210.0,,中文書 >  心理勵志 > 人際關係 > 說話/溝通,非小說-健康與幸福-自助,,EPUB 3 (Adobe DRM),,https://www.books.com.tw/products/E050292279,https://www.kobo.com/tw/zh/ebook/IfYxrMnagzC8DIctihRxPw,,False,15
E253-06647,E253-05030,E253-06644,,E050292277,,,9787516842867,9787516842867.0,,,,,,,點句成金(電子書),,點句成金 (電子書),,,點句成金電子書,點句成金電子書,,,,,,,子青,子青,,,,,,,博峰文化,博峰文化,博峰文化,,,2025/9/8,2025/9/8,2025/9/8,,,210.0,210.0,,,中文書 >  心理勵志 > 人際關係 > 說話/溝通,,,,,https://www.books.com.tw/products/E050292277,,,False,15
E253-06648,E253-00406,E253-06645,,,cxsV4MCxUj-M8mq8vNaahA,,1230009225848,,1230009225848.0,,1230009225848,,1230009225848.0,,點燃你的每一天,,,點燃你的每一天,,點燃你的每一天,,點燃你的每一天,,微選擇，重塑你的人生！,,微選擇，重塑你的人生！,,時忘言,,時忘言,,,,,,龍文化出版,龍文化出版,,龍文化出版,,2025/7/23,2025/7/23,,2025/7/23,,201.0,,201.0,,,"非小說, 健康與幸福, 心理學, 人際關係",,EPUB 3 (Adobe DRM),,,https://www.kobo.com/tw/zh/ebook/cxsV4MCxUj-M8mq8vNaahA,,False,-1
E253-06649,E253-06723,E253-06646,,,,210400867000101.0,,,,,,,,,點燃你的每一天：微選擇，重塑你的人生！,,,,點燃你的每一天        ：微選擇，重塑你的人生！,點燃你的每一天微選擇重塑你的人生,,,點燃你的每一天微選擇重塑你的人生,,,,,時忘言,,,時忘言,,,,,龍文化出版,龍文化出版,,,龍文化出版,2025/7/23,2025/7/23,,,2025/7/23,199.0,,,199.0,,,商業理財-成功法,,流動版面 EPUB,,,https://readmoo.com/book/210400867000101,False,-1
E253-06657,E253-02569,E253-06654,,E050272835,,,,,,,,,,,禮貌的力量：簡單作為，發揮最大影響力！驅動高效領導、打造理想生活的隱形策略(電子書),,禮貌的力量：簡單作為，發揮最大影響力!驅動高效領導、打造理想生活的隱形策略 (電子書),,,禮貌的力量簡單作為發揮最大影響力驅動高效領導打造理想生活的隱形策略電子書,禮貌的力量簡單作為發揮最大影響力驅動高效領導打造理想生活的隱形策略電子書,,,,,,,克莉絲汀．波拉斯,克莉絲汀．波拉斯,,,,,,,一起來出版,一起來出版,一起來出版,,,2025/7/9,2025/7/9,2025/7/9,,,430.0,430.0,,,中文書 >  商業理財 > 成功法 > 自我成長,,,,,https://www.books.com.tw/products/E050272835,,,False,16
E253-06656,E253-06885,E253-06653,,,,210398334000101.0,9786267577509,,,9786267577509.0,9786267577509,,,9786267577509.0,禮貌的力量（二版）：簡單作為，發揮最大影響力！驅動高效領導、打造理想生活的隱形策略,,,,禮貌的力量（二版）        ：簡單作為，發揮最大影響力！驅動高效領導、打造理想生活的隱形策略,禮貌的力量二版簡單作為發揮最大影響力驅動高效領導打造理想生活的隱形策略,,,禮貌的力量二版簡單作為發揮最大影響力驅動高效領導打造理想生活的隱形策略,Mastering Civility                        : A Manifesto for the Workplace,,,Mastering Civility                        : A Manifesto for the Workplace,克莉絲汀．波拉斯,,,克莉絲汀．波拉斯,朱家鴻,,,朱家鴻,一起來,一起來出版,,,一起來,2025/7/9,2025/7/9,,,2025/7/9,301.0,,,301.0,,,商業理財-成功法,,流動版面 EPUB,,,https://readmoo.com/book/210398334000101,False,16
E253-06675 / E253-06674,E253-01123 / E253-06146,E253-06672 / E253-06671,,,owFhJvVaSDCwUomXoiyWuw,210408405000101.0,9786264196260,,9786264196260.0,9786264196260.0,9786264196260,,9786264196260.0,9786264196260.0,翻轉人生的關鍵時刻：讓平凡變不凡，打造永生難忘的巔峰體驗,,,翻轉人生的關鍵時刻：讓平凡變不凡，打造永生難忘的巔峰體驗,翻轉人生的關鍵時刻        ：讓平凡變不凡，打造永生難忘的巔峰體驗,翻轉人生的關鍵時刻讓平凡變不凡打造永生難忘的巔峰體驗,,翻轉人生的關鍵時刻讓平凡變不凡打造永生難忘的巔峰體驗,翻轉人生的關鍵時刻讓平凡變不凡打造永生難忘的巔峰體驗,The Power of Moments：Why Certain Experiences Have Extraordinary Impact,,The Power of Moments：Why Certain Experiences Have Extraordinary Impact,The Power of Moments                        : Why Certain Experiences Have Extraordinary Impact,"奇普．希思, Chip Heath, 丹．希思, Dan Heath",,"奇普．希思, Chip Heath, 丹．希思, Dan Heath",奇普．希思(Chip Heath),,,,王敏雯,時報出版,時報文化出版企業股份有限公司,,時報出版,時報出版,2025/8/22,2025/8/26,,2025/8/22,2025/8/26,294.0,,294.0,294.0,,"非小說, 健康與幸福, 自助, 自我改善, 成功",商業理財-成功法,EPUB 3 (Adobe DRM),流動版面 EPUB,,https://www.kobo.com/tw/zh/ebook/owFhJvVaSDCwUomXoiyWuw,https://readmoo.com/book/210408405000101,False,17
E253-06676,E253-04407,E253-06673,,E050287882,,,,,,,,,,,翻轉人生的關鍵時刻：讓平凡變不凡，打造永生難忘的巔峰體驗(電子書),,翻轉人生的關鍵時刻：讓平凡變不凡，打造永生難忘的巔峰體驗 (電子書),,,翻轉人生的關鍵時刻讓平凡變不凡打造永生難忘的巔峰體驗電子書,翻轉人生的關鍵時刻讓平凡變不凡打造永生難忘的巔峰體驗電子書,,,,,,,"丹．希思,奇普．希思","丹．希思,奇普．希思",,,王敏雯,王敏雯,,,時報出版,時報文化出版企業股份有限公司,時報出版,,,2025/8/22,2025/8/22,2025/8/22,,,420.0,420.0,,,中文書 >  商業理財 > 成功法 > 自我成長,,,,,https://www.books.com.tw/products/E050287882,,,False,17
E253-20388 / E253-12797,NEW3337 / NEW2806,E253-20389 / E253-10797,（空白） / FIND_3532,,ZZMZixXJNDqRyN7P28oDlw,210400286000101.0,9786263397774,,9786263397774.0,9786263397774.0,9786263397774,,9786263397774.0,9786263397774.0,贅婿的榮耀(38),,,贅婿的榮耀(38),贅婿的榮耀(38),贅婿的榮耀38,,贅婿的榮耀38,贅婿的榮耀38,,,,,棺材裡的笑聲,,棺材裡的笑聲,棺材裡的笑聲,,,,,河圖文化,,,,河圖文化,2025/7/2,2025/7/2,,2025/7/2,2025/7/2,180.0,,180.0,180.0,,愛情-成人-科幻小說與奇幻小說,羅曼史\言情小說-情慾小說（18限）,EPUB 3 (Adobe DRM),流動版面 EPUB,,https://www.kobo.com/tw/zh/ebook/ZZMZixXJNDqRyN7P28oDlw,https://readmoo.com/book/210400286000101,False,18
E253-20390 / E253-12798,NEW3338 / NEW2807,E253-20391 / E253-10798,（空白） / FIND_3533,,2TIPH9MDGDayulsyH2eg1g,210400284000101.0,9786263397781,,9786263397781.0,9786263397781.0,9786263397781,,9786263397781.0,9786263397781.0,贅婿的榮耀(39),,,贅婿的榮耀(39),贅婿的榮耀(39),贅婿的榮耀39,,贅婿的榮耀39,贅婿的榮耀39,,,,,棺材裡的笑聲,,棺材裡的笑聲,棺材裡的笑聲,,,,,河圖文化,,,,河圖文化,2025/7/2,2025/7/2,,2025/7/2,2025/7/2,180.0,,180.0,180.0,,愛情-成人-科幻小說與奇幻小說,羅曼史\言情小說-情慾小說（18限）,EPUB 3 (Adobe DRM),流動版面 EPUB,,https://www.kobo.com/tw/zh/ebook/2TIPH9MDGDayulsyH2eg1g,https://readmoo.com/book/210400284000101,False,18
E253-20232 / E253-12799,NEW3425 / NEW1400,E253-20233 / E253-10799,（空白） / FIND_3534,,xI_2wstPizWbVCBxy39EgA,210405289000101.0,9786263398047,,9786263398047.0,9786263398047.0,9786263398047,,9786263398047.0,9786263398047.0,贅婿的榮耀(40),,,贅婿的榮耀(40),贅婿的榮耀(40),贅婿的榮耀40,,贅婿的榮耀40,贅婿的榮耀40,,,,,棺材裡的笑聲,,棺材裡的笑聲,棺材裡的笑聲,,,,,河圖文化,,,,河圖文化,2025/8/9,2025/8/9,,2025/8/9,2025/8/9,180.0,,180.0,180.0,,愛情-成人-科幻小說與奇幻小說,羅曼史\言情小說-情慾小說（18限）,EPUB 3 (Adobe DRM),流動版面 EPUB,,https://www.kobo.com/tw/zh/ebook/xI_2wstPizWbVCBxy39EgA,https://readmoo.com/book/210405289000101,False,18
E253-20234 / E253-12800,NEW3426 / NEW1401,E253-20235 / E253-10800,（空白） / FIND_3535,,lAvGk8wlsTW59zV9-HbptQ,210405287000101.0,9786263398054,,9786263398054.0,9786263398054.0,9786263398054,,9786263398054.0,9786263398054.0,贅婿的榮耀(41),,,贅婿的榮耀(41),贅婿的榮耀(41),贅婿的榮耀41,,贅婿的榮耀41,贅婿的榮耀41,,,,,棺材裡的笑聲,,棺材裡的笑聲,棺材裡的笑聲,,,,,河圖文化,,,,河圖文化,2025/8/9,2025/8/9,,2025/8/9,2025/8/9,180.0,,180.0,180.0,,愛情-成人-科幻小說與奇幻小說,羅曼史\言情小說-情慾小說（18限）,EPUB 3 (Adobe DRM),流動版面 EPUB,,https://www.kobo.com/tw/zh/ebook/lAvGk8wlsTW59zV9-HbptQ,https://readmoo.com/book/210405287000101,False,18
E253-12792,NEW1029,E253-10792,FIND_3528,E050275987,,,,,,,9786263397774,9786263397774.0,,,贅婿的榮耀38(限),,贅婿的榮耀38(限),,,贅婿的榮耀38限,贅婿的榮耀38限,,,,,,,棺材裡的笑聲,棺材裡的笑聲,,,,,,,河圖文化,,河圖文化,,,2025/7/2,2025/7/2,2025/7/2,,,180.0,180.0,,,文學小說-華文創作-小說,,,,,https://www.books.com.tw/products/E050275987,,,False,18
E253-12793,NEW1030,E253-10793,FIND_3529,E050275988,,,,,,,9786263397781,9786263397781.0,,,贅婿的榮耀39(限),,贅婿的榮耀39(限),,,贅婿的榮耀39限,贅婿的榮耀39限,,,,,,,棺材裡的笑聲,棺材裡的笑聲,,,,,,,河圖文化,,河圖文化,,,2025/7/2,2025/7/2,2025/7/2,,,180.0,180.0,,,文學小說-華文創作-小說,,,,,https://www.books.com.tw/products/E050275988,,,False,18
E253-12795,NEW1031,E253-10795,FIND_3530,E050291693,,,,,,,9786263398047,9786263398047.0,,,贅婿的榮耀40(限),,贅婿的榮耀40(限),,,贅婿的榮耀40限,贅婿的榮耀40限,,,,,,,棺材裡的笑聲,棺材裡的笑聲,,,,,,,河圖文化,,河圖文化,,,2025/8/9,2025/8/9,2025/8/9,,,180.0,180.0,,,文學小說-華文創作-小說,,,,,https://www.books.com.tw/products/E050291693,,,False,18
E253-12796,NEW1032,E253-10796,FIND_3531,E050291694,,,,,,,9786263398054,9786263398054.0,,,贅婿的榮耀41(限),,贅婿的榮耀41(限),,,贅婿的榮耀41限,贅婿的榮耀41限,,,,,,,棺材裡的笑聲,棺材裡的笑聲,,,,,,,河圖文化,,河圖文化,,,2025/8/9,2025/8/9,2025/8/9,,,180.0,180.0,,,文學小說-華文創作-小說,,,,,https://www.books.com.tw/products/E050291694,,,False,18
E253-06761,E253-01438,E253-06758,,,aXNk7s_U2zqL_sjPN0q5qw,,9786260148447,,9786260148447.0,,9786260148447,,9786260148447.0,,懷疑人生,,,懷疑人生,,懷疑人生,,懷疑人生,,活得好累，路在何方,,活得好累，路在何方,,芥子空間,,芥子空間,,,,,,一般人,,,一般人,,2025/9/3,2025/9/3,,2025/9/3,,299.0,,299.0,,,"非小說, 健康與幸福, 自助, 心理健康, 死亡、悲痛、喪親之痛",,EPUB 2 (DRM-Free),,,https://www.kobo.com/tw/zh/ebook/aXNk7s_U2zqL_sjPN0q5qw,,False,-1
E253-06762,E253-06052,E253-06759,,,,210405224000101.0,,,,,,,,,懷疑人生：活得好累，路在何方,,,,懷疑人生        ：活得好累，路在何方,懷疑人生活得好累路在何方,,,懷疑人生活得好累路在何方,,,,,芥子空間,,,芥子空間,,,,,一般人,,,,一般人,2025/9/1,2025/9/1,,,2025/9/1,252.0,,,252.0,,,勵志成長-個人成長,,流動版面 EPUB,,,https://readmoo.com/book/210405224000101,False,-1
E253-06769,E253-00525,E253-06766,,,seed-56,,1230009249844,,1230009249844.0,,1230009249844,,1230009249844.0,,爆seed之爆左都係咁,X簡體,,爆seed之爆左都係咁,,爆seed之爆左都係咁,,爆seed之爆左都係咁,,,,,,雲澈,,雲澈,,,,,,龍文化出版,龍文化出版,,龍文化出版,,2025/7/30,2025/7/30,,2025/7/30,,161.0,,161.0,,,青少年 - YA-學校,,EPUB 3 (Adobe DRM),,,https://www.kobo.com/tw/zh/ebook/seed-56,,False,-1
E253-06770,E253-06665,E253-06767,,,,210402299000101.0,,,,,,,,,爆seed之爆左都係咁（香港中文）,,,,爆seed之爆左都係咁（香港中文）,爆seed之爆左都係咁香港中文,,,爆seed之爆左都係咁香港中文,,,,,雲澈,,,雲澈,,,,,雲文化出版,雲文化出版,,,雲文化出版,2025/7/27,2025/7/27,,,2025/7/27,149.0,,,149.0,,,青少年與兒童-青少年小說,,流動版面 EPUB,,,https://readmoo.com/book/210402299000101,False,-1
E253-06779 / E253-06778,E253-00718 / E253-06445,E253-06776 / E253-06775,,,N7keyS8X7TO1k9i7KNAy9Q,210402591000101.0,9786263906044,,9786263906044.0,9786263906044.0,9786263906044,,9786263906044.0,9786263906044.0,藝術的祕密：名作中隱藏的訊息、意義與象徵符號,,,藝術的祕密：名作中隱藏的訊息、意義與象徵符號,藝術的祕密        ：名作中隱藏的訊息、意義與象徵符號,藝術的祕密名作中隱藏的訊息意義與象徵符號,,藝術的祕密名作中隱藏的訊息意義與象徵符號,藝術的祕密名作中隱藏的訊息意義與象徵符號,The Secrets of Art：Uncovering the mysteries and messages of great works of art,,The Secrets of Art：Uncovering the mysteries and messages of great works of art,,"黛布拉．曼考夫, DEBRA N. MANCOFF",,"黛布拉．曼考夫, DEBRA N. MANCOFF",黛布拉．曼考夫,,,,,城邦出版集團,城邦文化事業股份有限公司,,城邦出版集團,商周出版,2025/8/5,2025/8/5,,2025/8/5,2025/8/5,560.0,,560.0,560.0,,"非小說, 藝術與建築, 一般藝術",藝術設計-藝術總論,EPUB 3 (Adobe DRM),固定版面 EPUB,,https://www.kobo.com/tw/zh/ebook/N7keyS8X7TO1k9i7KNAy9Q,https://readmoo.com/book/210402591000101,False,19
E253-06780,E253-03534,E253-06777,,E050282794,,,,,,,,,,,藝術的祕密：名作中隱藏的訊息、意義與象徵符號(電子書),,藝術的祕密：名作中隱藏的訊息、意義與象徵符號 (電子書),,,藝術的祕密名作中隱藏的訊息意義與象徵符號電子書,藝術的祕密名作中隱藏的訊息意義與象徵符號電子書,,,,,,,黛布拉．曼考夫,黛布拉．曼考夫,,,,,,,商周出版,商周出版,商周出版,,,2025/8/5,2025/8/5,2025/8/5,,,750.0,750.0,,,中文書 >  藝術設計 > 藝術總論 > 藝術欣賞,,,,,https://www.books.com.tw/products/E050282794,,,False,19
E253-06805 / E253-06804,E253-03679 / E253-00837,E253-06802 / E253-06801,,E050285050,vJ59VQ8RzjGsFJ7urGDHWg,210405430000101.0,9786267683422 / 9786267683408,9786267683422.0,9786267683408.0,9786267683408.0,9786267683408,9786267683408.0,9786267683408.0,9786267683408.0,關西親子遊：大阪、京都、神戶、奈良，大手牽小手，零經驗也能輕鬆上手自助行【暢銷修訂版】(電子書),,關西親子遊：大阪、京都、神戶、奈良，大手牽小手，零經驗也能輕鬆上手自助行【暢銷修訂版】 (電子書),關西親子遊：大阪、京都、神戶、奈良，大手牽小手，零經驗也能輕鬆上手自助行【暢銷修訂版】,關西親子遊【暢銷修訂版】        ：大阪、京都、神戶、奈良，大手牽小手，零經驗也能輕鬆上手自助行,關西親子遊大阪京都神戶奈良大手牽小手零經驗也能輕鬆上手自助行暢銷修訂版電子書,關西親子遊大阪京都神戶奈良大手牽小手零經驗也能輕鬆上手自助行暢銷修訂版電子書,關西親子遊大阪京都神戶奈良大手牽小手零經驗也能輕鬆上手自助行暢銷修訂版,關西親子遊暢銷修訂版大阪京都神戶奈良大手牽小手零經驗也能輕鬆上手自助行,,,,,王晶盈,王晶盈,王晶盈,王晶盈,,,,,PCuSER電腦人文化,電腦人文化事業股份有限公司,PCuSER電腦人文化,城邦出版集團,創意市集,2025/8/12,2025/8/12,2025/8/12,2025/8/12,2025/8/12,360.0,288.0,360.0,360.0,中文書 >  旅遊 > 日本 > 關西‧京阪神奈,非小說-旅行-亞洲,旅遊觀光-亞洲旅遊,EPUB 3 (Adobe DRM),固定版面 EPUB,https://www.books.com.tw/products/E050285050,https://www.kobo.com/tw/zh/ebook/vJ59VQ8RzjGsFJ7urGDHWg,https://readmoo.com/book/210405430000101,False,20
E253-06806,E253-06342,E253-06803,,,,210405430000101.0,9786267683408,,,9786267683408.0,9786267683408,,,9786267683408.0,關西親子遊【暢銷修訂版】：大阪、京都、神戶、奈良，大手牽小手，零經驗也能輕鬆上手自助行,,,,關西親子遊【暢銷修訂版】        ：大阪、京都、神戶、奈良，大手牽小手，零經驗也能輕鬆上手自助行,關西親子遊暢銷修訂版大阪京都神戶奈良大手牽小手零經驗也能輕鬆上手自助行,,,關西親子遊暢銷修訂版大阪京都神戶奈良大手牽小手零經驗也能輕鬆上手自助行,,,,,王晶盈,,,王晶盈,,,,,創意市集,創意市集出版,,,創意市集,2025/8/12,2025/8/12,,,2025/8/12,360.0,,,360.0,,,"分類導覽, 旅遊觀光, 亞洲旅遊, 關西親子遊【暢銷修訂版】",,固定版面 EPUB,,,https://readmoo.com/book/210405430000101,False,20
E253-20187 / E253-12853,NEW3735 / NEW1050,E253-20188 / E253-10853,（空白） / FIND_3584,E050287280,,210407249000101.0,9786267762066,9786267762066.0,,9786267762066.0,9786267762073,9786267762073.0,,9786267762073.0,關於失智，醫生希望你現在知道的事,,關於失智，醫生希望你現在知道的事,,關於失智，醫生希望你現在知道的事,關於失智醫生希望你現在知道的事,關於失智醫生希望你現在知道的事,,關於失智醫生希望你現在知道的事,診斷依據？能治療嗎？怎麼照護？簽法律文件有效力嗎……英國權威家庭醫生的第一手研究報告。,,,診斷依據？能治療嗎？怎麼照護？簽法律文件有效力嗎……英國權威家庭醫生的第一手研究報告。,麥特．皮卡佛,麥特．皮卡佛,,麥特．皮卡佛,謝慈,謝慈,,謝慈,大是文化,,大是文化,,大是文化,2025/8/27,2025/8/27,2025/8/27,,2025/8/27,420.0,420.0,,286.0,醫療保健-醫學/醫療史-醫療常識,,勵志成長-熟齡生活,,流動版面 EPUB,https://www.books.com.tw/products/E050287280,,https://readmoo.com/book/210407249000101,False,-1
E253-12854,NEW1319,E253-10854,FIND_3585,,_lvkKmUOyTW-ubiQ6mWrpQ,,9786267762073,,9786267762073.0,,9786267762073,,9786267762073.0,,關於失智，醫生希望你現在知道的事：診斷依據？能治療嗎？怎麼照護？簽法律文件有效力嗎……英國權威家庭醫生的第一手研究報告。,,,關於失智，醫生希望你現在知道的事：診斷依據？能治療嗎？怎麼照護？簽法律文件有效力嗎……英國權威家庭醫生的第一手研究報告。,,關於失智醫生希望你現在知道的事診斷依據能治療嗎怎麼照護簽法律文件有效力嗎英國權威家庭醫生的第一手研究報告,,關於失智醫生希望你現在知道的事診斷依據能治療嗎怎麼照護簽法律文件有效力嗎英國權威家庭醫生的第一手研究報告,,Dementia: Everything your doctor doesn't have time to tell you,,Dementia: Everything your doctor doesn't have time to tell you,,"麥特．皮卡佛, Matt Piccaver",,"麥特．皮卡佛, Matt Piccaver",,,,,,大是文化,,,大是文化,,2025/8/27,2025/8/27,,2025/8/27,,243.0,,243.0,,,非小說-健康與幸福-醫學,,EPUB 3 (Adobe DRM),,,https://www.kobo.com/tw/zh/ebook/_lvkKmUOyTW-ubiQ6mWrpQ,,False,-1
E253-06814,E253-00407,E253-06811,,,3jUcnmxYWT-Mf0NHmYpVgw,,1230009225930,,1230009225930.0,,1230009225930,,1230009225930.0,,難道要翻身只能賭命？,,,難道要翻身只能賭命？,,難道要翻身只能賭命,,難道要翻身只能賭命,,試錯成本高？用小錢也能成功的致富秘訣,,試錯成本高？用小錢也能成功的致富秘訣,,石衡,,石衡,,,,,,龍文化出版,龍文化出版,,龍文化出版,,2025/7/23,2025/7/23,,2025/7/23,,201.0,,201.0,,,企業與金融-個人財務-退休規劃,,EPUB 3 (Adobe DRM),,,https://www.kobo.com/tw/zh/ebook/3jUcnmxYWT-Mf0NHmYpVgw,,False,-1
E253-06815,E253-06725,E253-06812,,,,210400870000101.0,,,,,,,,,難道要翻身只能賭命？：試錯成本高？用小錢也能成功的致富秘訣,,,,難道要翻身只能賭命？        ：試錯成本高？用小錢也能成功的致富秘訣,難道要翻身只能賭命試錯成本高用小錢也能成功的致富秘訣,,,難道要翻身只能賭命試錯成本高用小錢也能成功的致富秘訣,,,,,石衡,,,石衡,,,,,龍文化出版,龍文化出版,,,龍文化出版,2025/7/23,2025/7/23,,,2025/7/23,199.0,,,199.0,,,商業理財-成功法,,流動版面 EPUB,,,https://readmoo.com/book/210400870000101,False,-1
E253-06847 / E253-06846,E253-00666 / E253-06566,E253-06844 / E253-06843,,,AmhXuQQTHzecbDh7bHmqGw,210401073000101.0,9789861758572,,9789861758572.0,9789861758572.0,9789861758572,,9789861758572.0,9789861758572.0,覺醒之道：寫給現代人的漸悟指南,,,覺醒之道：寫給現代人的漸悟指南,覺醒之道        ：寫給現代人的漸悟指南,覺醒之道寫給現代人的漸悟指南,,覺醒之道寫給現代人的漸悟指南,覺醒之道寫給現代人的漸悟指南,A LAMP OF WISDOM：A Modern Guide to the Gradual Path of Enlightenment,,A LAMP OF WISDOM：A Modern Guide to the Gradual Path of Enlightenment,A LAMP OF WISDOM                        : A Modern Guide to the Gradual Path of Enlightenment,達斯汀．迪佩納（Dustin DiPerna）,,達斯汀．迪佩納（Dustin DiPerna）,達斯汀．迪佩納,陶張歡,,,陶張歡,圓神出版事業機構,圓神出版社股份有限公司,,圓神出版事業機構,方智出版,2025/8/1,2025/8/1,,2025/8/1,2025/8/1,224.0,,224.0,224.0,,非小說-宗教與靈性-東方宗教,勵志成長-潛能開發,EPUB 3 (Adobe DRM),流動版面 EPUB,,https://www.kobo.com/tw/zh/ebook/AmhXuQQTHzecbDh7bHmqGw,https://readmoo.com/book/210401073000101,False,21
E253-06848,E253-03456,E253-06845,,E050275703,,,9789861758589,9789861758589.0,,,,,,,覺醒之道：寫給現代人的漸悟指南(電子書),,覺醒之道：寫給現代人的漸悟指南 (電子書),,,覺醒之道寫給現代人的漸悟指南電子書,覺醒之道寫給現代人的漸悟指南電子書,,,,,,,達斯汀．迪佩納,達斯汀．迪佩納,,,陶張歡,陶張歡,,,方智,方智出版社股份有限公司,方智,,,2025/8/1,2025/8/1,2025/8/1,,,197.0,197.0,,,中文書 >  宗教命理 > 新時代 > 靈性療癒/成長,,,,,https://www.books.com.tw/products/E050275703,,,False,21
E253-06850 / E253-06849,E253-00139 / E253-06917,E253-06847 / E253-06846,,,EH3uuFMm_D6l_mMtJ_ihlg,210399913000101.0,9786263645868,,9786263645868.0,9786263645868.0,9786263645868,,9786263645868.0,9786263645868.0,覺醒心藥,,,覺醒心藥,覺醒心藥,覺醒心藥,,覺醒心藥,覺醒心藥,,,,,孫佳銘,,孫佳銘,孫佳銘,,,,,白象文化,白象文化事業有限公司,,白象文化,白象文化,2025/7/5,2025/7/5,,2025/7/5,2025/7/5,280.0,,280.0,280.0,,"非小說, 健康與幸福, 自助, 自我改善, 勵志",宗教-新時代New age,EPUB 3 (Adobe DRM),固定版面 EPUB,,https://www.kobo.com/tw/zh/ebook/EH3uuFMm_D6l_mMtJ_ihlg,https://readmoo.com/book/210399913000101,False,22
E253-06851,E253-02491,E253-06848,,E050274875,,,9786263645899,9786263645899.0,,,,,,,覺醒心藥(電子書),,覺醒心藥 (電子書),,,覺醒心藥電子書,覺醒心藥電子書,,,,,,,孫佳銘,孫佳銘,,,,,,,白象文化,白象文化事業有限公司,白象文化,,,2025/7/5,2025/7/5,2025/7/5,,,280.0,280.0,,,中文書 >  宗教命理 > 新時代 > 靈性療癒/成長,,,,,https://www.books.com.tw/products/E050274875,,,False,22
E253-20229 / E253-12886,NEW3881 / NEW2182,E253-20230 / E253-10886,（空白） / FIND_3614,,auFbcvEf5DaWT6RshgTCCg,210405294000101.0,9786263397965,,9786263397965.0,9786263397965.0,9786263397965,,9786263397965.0,9786263397965.0,警門贅婿(1),,,警門贅婿(1),警門贅婿(1),警門贅婿1,,警門贅婿1,警門贅婿1,,,,,寫書還債,,寫書還債,寫書還債,,,,,河圖文化,,,,河圖文化,2025/7/30,2025/7/30,,2025/7/30,2025/7/30,180.0,,180.0,180.0,,愛情-成人-科幻小說與奇幻小說,羅曼史\言情小說-情慾小說（18限）,EPUB 3 (Adobe DRM),流動版面 EPUB,,https://www.kobo.com/tw/zh/ebook/auFbcvEf5DaWT6RshgTCCg,https://readmoo.com/book/210405294000101,False,23
E253-20233 / E253-12887,NEW3882 / NEW2183,E253-20234 / E253-10887,（空白） / FIND_3615,,wVkzO0FHQjGTAVKMSP7-RQ,210405288000101.0,9786263397972,,9786263397972.0,9786263397972.0,9786263397972,,9786263397972.0,9786263397972.0,警門贅婿(2),,,警門贅婿(2),警門贅婿(2),警門贅婿2,,警門贅婿2,警門贅婿2,,,,,寫書還債,,寫書還債,寫書還債,,,,,河圖文化,,,,河圖文化,2025/7/30,2025/7/30,,2025/7/30,2025/7/30,180.0,,180.0,180.0,,愛情-成人-科幻小說與奇幻小說,羅曼史\言情小說-情慾小說（18限）,EPUB 3 (Adobe DRM),流動版面 EPUB,,https://www.kobo.com/tw/zh/ebook/wVkzO0FHQjGTAVKMSP7-RQ,https://readmoo.com/book/210405288000101,False,23
E253-20042 / E253-12888,NEW3375 / NEW3007,E253-20043 / E253-10888,（空白） / FIND_3616,,7eQctz-KVTepODtCQ4KDaA,210411791000101.0,9786263398122,,9786263398122.0,9786263398122.0,9786263398122,,9786263398122.0,9786263398122.0,警門贅婿(3),,,警門贅婿(3),警門贅婿(3),警門贅婿3,,警門贅婿3,警門贅婿3,,,,,寫書還債,,寫書還債,寫書還債,,,,,河圖文化,,,,河圖文化,2025/8/31,2025/8/31,,2025/8/31,2025/8/31,180.0,,180.0,180.0,,愛情-成人-科幻小說與奇幻小說,羅曼史\言情小說-情慾小說（18限）,EPUB 3 (Adobe DRM),流動版面 EPUB,,https://www.kobo.com/tw/zh/ebook/7eQctz-KVTepODtCQ4KDaA,https://readmoo.com/book/210411791000101,False,23
E253-20033 / E253-12889,NEW3376 / NEW3008,E253-20034 / E253-10889,（空白） / FIND_3617,,CIrrkHcSAjaifQ3-ttDh2w,210411801000101.0,9786263398139,,9786263398139.0,9786263398139.0,9786263398139,,9786263398139.0,9786263398139.0,警門贅婿(4),,,警門贅婿(4),警門贅婿(4),警門贅婿4,,警門贅婿4,警門贅婿4,,,,,寫書還債,,寫書還債,寫書還債,,,,,河圖文化,,,,河圖文化,2025/8/31,2025/8/31,,2025/8/31,2025/8/31,180.0,,180.0,180.0,,愛情-成人-科幻小說與奇幻小說,羅曼史\言情小說-情慾小說（18限）,EPUB 3 (Adobe DRM),流動版面 EPUB,,https://www.kobo.com/tw/zh/ebook/CIrrkHcSAjaifQ3-ttDh2w,https://readmoo.com/book/210411801000101,False,23
E253-20037 / E253-12890,NEW3642 / NEW2278,E253-20038 / E253-10890,（空白） / FIND_3618,,rwuZhCU2zjiXMYRhyBar0A,210411797000101.0,9786263398344,,9786263398344.0,9786263398344.0,9786263398344,,9786263398344.0,9786263398344.0,警門贅婿(5),,,警門贅婿(5),警門贅婿(5),警門贅婿5,,警門贅婿5,警門贅婿5,,,,,寫書還債,,寫書還債,寫書還債,,,,,河圖文化,,,,河圖文化,2025/9/20,2025/9/20,,2025/9/20,2025/9/20,180.0,,180.0,180.0,,愛情-成人-科幻小說與奇幻小說,羅曼史\言情小說-情慾小說（18限）,EPUB 3 (Adobe DRM),流動版面 EPUB,,https://www.kobo.com/tw/zh/ebook/rwuZhCU2zjiXMYRhyBar0A,https://readmoo.com/book/210411797000101,False,23
E253-20036 / E253-12891,NEW3643 / NEW2279,E253-20037 / E253-10891,（空白） / FIND_3619,,LaGSp7OMFzeIsqz2c492Hw,210411798000101.0,9786263398351,,9786263398351.0,9786263398351.0,9786263398351,,9786263398351.0,9786263398351.0,警門贅婿(6),,,警門贅婿(6),警門贅婿(6),警門贅婿6,,警門贅婿6,警門贅婿6,,,,,寫書還債,,寫書還債,寫書還債,,,,,河圖文化,,,,河圖文化,2025/9/20,2025/9/20,,2025/9/20,2025/9/20,180.0,,180.0,180.0,,愛情-成人-科幻小說與奇幻小說,羅曼史\言情小說-情慾小說（18限）,EPUB 3 (Adobe DRM),流動版面 EPUB,,https://www.kobo.com/tw/zh/ebook/LaGSp7OMFzeIsqz2c492Hw,https://readmoo.com/book/210411798000101,False,23
E253-12884,NEW1054,E253-10884,FIND_3612,E050291656,,,,,,,9786263397965,9786263397965.0,,,警門贅婿1(限),,警門贅婿1(限),,,警門贅婿1限,警門贅婿1限,,,,,,,寫書還債,寫書還債,,,,,,,河圖文化,,河圖文化,,,2025/7/30,2025/7/30,2025/7/30,,,180.0,180.0,,,文學小說-華文創作-小說,,,,,https://www.books.com.tw/products/E050291656,,,False,23
E253-12885,NEW1055,E253-10885,FIND_3613,E050291657,,,,,,,9786263397972,9786263397972.0,,,警門贅婿2(限),,警門贅婿2(限),,,警門贅婿2限,警門贅婿2限,,,,,,,寫書還債,寫書還債,,,,,,,河圖文化,,河圖文化,,,2025/7/30,2025/7/30,2025/7/30,,,180.0,180.0,,,文學小說-華文創作-小說,,,,,https://www.books.com.tw/products/E050291657,,,False,23
E253-06852,E253-04648,E253-06849,,E050291658,,,,,,,,,,,警門贅婿3(限)(電子書),,警門贅婿3(限) (電子書),,,警門贅婿3限電子書,警門贅婿3限電子書,,,,,,,寫書還債,寫書還債,,,,,,,河圖文化,河圖文化,河圖文化,,,2025/8/31,2025/8/31,2025/8/31,,,180.0,180.0,,,中文書 >  文學小說 > 華文創作 > 小說,,,,,https://www.books.com.tw/products/E050291658,,,False,23
E253-06853,E253-04649,E253-06850,,E050291659,,,,,,,,,,,警門贅婿4(限)(電子書),,警門贅婿4(限) (電子書),,,警門贅婿4限電子書,警門贅婿4限電子書,,,,,,,寫書還債,寫書還債,,,,,,,河圖文化,河圖文化,河圖文化,,,2025/8/31,2025/8/31,2025/8/31,,,180.0,180.0,,,中文書 >  文學小說 > 華文創作 > 小說,,,,,https://www.books.com.tw/products/E050291659,,,False,23
E253-06854,E253-05249,E253-06851,,E050295639,,,,,,,,,,,警門贅婿5(限)(電子書),,警門贅婿5(限) (電子書),,,警門贅婿5限電子書,警門贅婿5限電子書,,,,,,,寫書還債,寫書還債,,,,,,,河圖文化,河圖文化,河圖文化,,,2025/9/20,2025/9/20,2025/9/20,,,180.0,180.0,,,中文書 >  文學小說 > 華文創作 > 小說,,,,,https://www.books.com.tw/products/E050295639,,,False,23
E253-06855,E253-05250,E253-06852,,E050295640,,,,,,,,,,,警門贅婿6(限)(電子書),,警門贅婿6(限) (電子書),,,警門贅婿6限電子書,警門贅婿6限電子書,,,,,,,寫書還債,寫書還債,,,,,,,河圖文化,河圖文化,河圖文化,,,2025/9/20,2025/9/20,2025/9/20,,,180.0,180.0,,,中文書 >  文學小說 > 華文創作 > 小說,,,,,https://www.books.com.tw/products/E050295640,,,False,23
E253-06866 / E253-06865,E253-00408 / E253-06726,E253-06863 / E253-06862,,,EHEork2T9DCmJ7MPcIE2Xw,210400597000101.0,9786267600962,,9786267600962.0,9786267600962.0,9786267600962,,9786267600962.0,9786267600962.0,蘭徹斯特策略：小克大、弱勝強，打敗大你10倍對手的終極武器(三版),,,蘭徹斯特策略：小克大、弱勝強，打敗大你10倍對手的終極武器(三版),蘭徹斯特策略(三版)        ：小克大、弱勝強，打敗大你10倍對手的終極武器,蘭徹斯特策略小克大弱勝強打敗大你10倍對手的終極武器三版,,蘭徹斯特策略小克大弱勝強打敗大你10倍對手的終極武器三版,蘭徹斯特策略三版小克大弱勝強打敗大你10倍對手的終極武器,ランチェスター戦略,,,ランチェスター戦略,福永雅文,,福永雅文,福永雅文,江裕真,,,江裕真,讀書共和國出版集團,遠足文化事業股份有限公司（讀書共和國）,,讀書共和國出版集團,大牌出版,2025/7/23,2025/7/23,,2025/7/23,2025/7/23,273.0,,273.0,273.0,,企業與金融-管理與領導-領導能力,商業理財-領導管理,EPUB 3 (Adobe DRM),流動版面 EPUB,,https://www.kobo.com/tw/zh/ebook/EHEork2T9DCmJ7MPcIE2Xw,https://readmoo.com/book/210400597000101,False,24
E253-06867,E253-02823,E253-06864,,E050274818,,,9786267600986,9786267600986.0,,,9786267600962,9786267600962.0,,,蘭徹斯特策略：小克大、弱勝強，打敗大你10倍對手的終極武器(三版)(電子書),,蘭徹斯特策略：小克大、弱勝強，打敗大你10倍對手的終極武器(三版) (電子書),,,蘭徹斯特策略小克大弱勝強打敗大你10倍對手的終極武器三版電子書,蘭徹斯特策略小克大弱勝強打敗大你10倍對手的終極武器三版電子書,,,ランチェスター戦略,ランチェスター戦略,,,福永雅文,福永雅文,,,,,,,大牌出版,大牌出版,大牌出版,,,2025/7/23,2025/7/23,2025/7/23,,,390.0,390.0,,,中文書 >  商業理財 > 管理與領導 > 經營策略,,,,,https://www.books.com.tw/products/E050274818,,,False,24
E253-12913,NEW1797,E253-10913,FIND_3639,,vnnO2rVYPD-1nsuTk2eBJA,,9789866182228,,9789866182228.0,,9789866182228,,9789866182228.0,,護理資訊學,,,護理資訊學,,護理資訊學,,護理資訊學,,健康資訊學，跨專業和全球視角,,健康資訊學，跨專業和全球視角,,Ursula H． Hübner、Gabriela Mustata Wilson、Toria Shaw Morawski、Marion J． Ball,,Ursula H． Hübner、Gabriela Mustata Wilson、Toria Shaw Morawski、Marion J． Ball,,,,,,文華圖書館管理資訊股份有限公司,,,文華圖書館管理資訊股份有限公司,,2025/8/1,2025/8/1,,2025/8/1,,800.0,,800.0,,,非小說-健康與幸福-醫學,,EPUB 3 (Adobe DRM),,,https://www.kobo.com/tw/zh/ebook/vnnO2rVYPD-1nsuTk2eBJA,,False,-1
E253-12912,NEW1063,E253-10912,FIND_3638,E050283753,,,9789866182235,9789866182235.0,,,9789866182228,9789866182228.0,,,護理資訊學：健康資訊學，跨專業和全球視角,,護理資訊學：健康資訊學，跨專業和全球視角,,,護理資訊學健康資訊學跨專業和全球視角,護理資訊學健康資訊學跨專業和全球視角,,,"Nursing informatics: a health informatics, interprofessional and global perspective","Nursing informatics: a health informatics, interprofessional and global perspective",,,Ursula H． Hübner、Gabriela Mustata Wilson、Toria Shaw Morawski、Marion J． Ball,Ursula H． Hübner、Gabriela Mustata Wilson、Toria Shaw Morawski、Marion J． Ball,,,,,,,文華,,文華,,,2025/8/1,2025/8/1,2025/8/1,,,800.0,800.0,,,醫療保健-醫學/醫療史-醫學科學,,,,,https://www.books.com.tw/products/E050283753,,,False,-1
E253-06887 / E253-06886,E253-01656 / E253-05810,E253-06884 / E253-06883,,,zkicU0Xa8TCSXIfZfikjIw,210410296000101.0,9786267504802 / 9786267504598,,9786267504802.0,9786267504598.0,9786267504802,,9786267504802.0,9786267504802.0,魔女犬碰碰1：命中注定的搭檔,,,魔女犬碰碰1：命中注定的搭檔,魔女犬碰碰1        ：命中注定的搭檔,魔女犬碰碰1命中注定的搭檔,,魔女犬碰碰1命中注定的搭檔,魔女犬碰碰1命中注定的搭檔,,,,,廣嶋玲子,,廣嶋玲子,廣嶋玲子,,,,蘇懿禎,讀書共和國出版集團,遠足文化事業股份有限公司（讀書共和國）,,讀書共和國出版集團,字畝,2025/9/10,2025/9/10,,2025/9/10,2025/9/10,245.0,,245.0,245.0,,兒童-小說-奇幻與魔術,"分類導覽, 青少年與兒童, 青少年小說, 魔女犬碰碰1",EPUB 3 (Adobe DRM),流動版面 EPUB,,https://www.kobo.com/tw/zh/ebook/zkicU0Xa8TCSXIfZfikjIw,https://readmoo.com/book/210410296000101,False,25
E253-06888,E253-05107,E253-06885,,E050289348,,210410296000101.0,9786267504598,9786267504598.0,,9786267504598.0,9786267504802,9786267504802.0,,9786267504802.0,魔女犬碰碰1：命中注定的搭檔(電子書),,魔女犬碰碰1：命中注定的搭檔 (電子書),,魔女犬碰碰1        ：命中注定的搭檔,魔女犬碰碰1命中注定的搭檔電子書,魔女犬碰碰1命中注定的搭檔電子書,,魔女犬碰碰1命中注定的搭檔,魔女犬ボンボン： ナコと運命のこいぬ,魔女犬ボンボン： ナコと運命のこいぬ,,,廣嶋玲子,廣嶋玲子,,廣嶋玲子,蘇懿禎,蘇懿禎,,蘇懿禎,字畝文化,字畝文化創意有限公司,字畝文化,,字畝,2025/9/10,2025/9/10,2025/9/10,,2025/9/10,245.0,245.0,,245.0,中文書 >  童書/青少年文學 > 故事/小說 > 科幻/奇幻,,青少年與兒童-青少年小說,,流動版面 EPUB,https://www.books.com.tw/products/E050289348,,https://readmoo.com/book/210410296000101,False,25
E253-06890 / E253-06889,E253-01657 / E253-05811,E253-06887 / E253-06886,,,qfQB_q7ytj-7mMK5ImlorQ,210410297000101.0,9786267504758 / 9786267504666,,9786267504758.0,9786267504666.0,9786267504758,,9786267504758.0,9786267504758.0,魔女犬碰碰2：驚喜橡實的魔法祕密,,,魔女犬碰碰2：驚喜橡實的魔法祕密,魔女犬碰碰2        ：驚喜橡實的魔法祕密,魔女犬碰碰2驚喜橡實的魔法祕密,,魔女犬碰碰2驚喜橡實的魔法祕密,魔女犬碰碰2驚喜橡實的魔法祕密,,,,,廣嶋玲子,,廣嶋玲子,廣嶋玲子,,,,蘇懿禎,讀書共和國出版集團,遠足文化事業股份有限公司（讀書共和國）,,讀書共和國出版集團,字畝,2025/9/10,2025/9/10,,2025/9/10,2025/9/10,245.0,,245.0,245.0,,兒童-小說-奇幻與魔術,"分類導覽, 青少年與兒童, 青少年小說, 魔女犬碰碰2",EPUB 3 (Adobe DRM),流動版面 EPUB,,https://www.kobo.com/tw/zh/ebook/qfQB_q7ytj-7mMK5ImlorQ,https://readmoo.com/book/210410297000101,False,26
E253-06891,E253-05108,E253-06888,,E050289349,,210410297000101.0,9786267504666,,,9786267504666.0,9786267504758,9786267504758.0,,9786267504758.0,魔女犬碰碰2：驚喜橡實的魔法祕密(電子書),,魔女犬碰碰2：驚喜橡實的魔法祕密 (電子書),,魔女犬碰碰2        ：驚喜橡實的魔法祕密,魔女犬碰碰2驚喜橡實的魔法祕密電子書,魔女犬碰碰2驚喜橡實的魔法祕密電子書,,魔女犬碰碰2驚喜橡實的魔法祕密,魔女犬ボンボン：金色のお茶会,魔女犬ボンボン：金色のお茶会,,,廣嶋玲子,廣嶋玲子,,廣嶋玲子,蘇懿禎,蘇懿禎,,蘇懿禎,字畝文化,字畝文化創意有限公司,字畝文化,,字畝,2025/9/10,2025/9/10,2025/9/10,,2025/9/10,245.0,245.0,,245.0,中文書 >  童書/青少年文學 > 故事/小說 > 科幻/奇幻,,青少年與兒童-青少年小說,,流動版面 EPUB,https://www.books.com.tw/products/E050289349,,https://readmoo.com/book/210410297000101,False,26
E253-06897,E253-06373,E253-06894,,,,210408315000101.0,,,,,,,,,魔豆惊悚系列05：母侵（简体字）,X簡體,,,魔豆惊悚系列 05：母侵（简体字）,魔豆惊悚系列05母侵简体字,,,魔豆惊悚系列05母侵简体字,,,,,李娜娜,,,李娜娜,,,,,角川平方,,,,角川平方,2025/8/8,2025/8/8,,,2025/8/8,150.0,,,150.0,,,青少年與兒童-青少年小說,,固定版面 EPUB,,,https://readmoo.com/book/210408315000101,False,27
E253-06898,E253-06374,E253-06895,,,,210408327000101.0,,,,,,,,,魔豆惊悚系列06：零居（简体字）,X簡體,,,魔豆惊悚系列 06：零居（简体字）,魔豆惊悚系列06零居简体字,,,魔豆惊悚系列06零居简体字,,,,,黄国盛,,,黄国盛,,,,,角川平方,,,,角川平方,2025/8/8,2025/8/8,,,2025/8/8,150.0,,,150.0,,,青少年與兒童-青少年小說,,固定版面 EPUB,,,https://readmoo.com/book/210408327000101,False,28
E253-06899,E253-06375,E253-06896,,,,210408321000101.0,,,,,,,,,魔豆惊悚系列07：消失的糖果（简体字）,X簡體,,,魔豆惊悚系列 07：消失的糖果（简体字）,魔豆惊悚系列07消失的糖果简体字,,,魔豆惊悚系列07消失的糖果简体字,,,,,刘幸晨,,,刘幸晨,,,,,角川平方,,,,角川平方,2025/8/8,2025/8/8,,,2025/8/8,150.0,,,150.0,,,青少年與兒童-青少年小說,,固定版面 EPUB,,,https://readmoo.com/book/210408321000101,False,29
E253-06900,E253-06376,E253-06897,,,,210408322000101.0,,,,,,,,,魔豆惊悚系列08：你是谁（简体字）,X簡體,,,魔豆惊悚系列 08：你是谁（简体字）,魔豆惊悚系列08你是谁简体字,,,魔豆惊悚系列08你是谁简体字,,,,,谭若瑜,,,谭若瑜,,,,,角川平方,,,,角川平方,2025/8/8,2025/8/8,,,2025/8/8,150.0,,,150.0,,,青少年與兒童-青少年小說,,固定版面 EPUB,,,https://readmoo.com/book/210408322000101,False,30
E253-06901,E253-06377,E253-06898,,,,210408323000101.0,,,,,,,,,魔豆惊悚系列09：饿（简体字）,X簡體,,,魔豆惊悚系列 09：饿（简体字）,魔豆惊悚系列09饿简体字,,,魔豆惊悚系列09饿简体字,,,,,黄米雪,,,黄米雪,,,,,角川平方,,,,角川平方,2025/8/8,2025/8/8,,,2025/8/8,150.0,,,150.0,,,青少年與兒童-青少年小說,,固定版面 EPUB,,,https://readmoo.com/book/210408323000101,False,28
E253-06902,E253-06378,E253-06899,,,,210408314000101.0,,,,,,,,,魔豆惊悚系列10：蓝鲸（简体字）,X簡體,,,魔豆惊悚系列 10：蓝鲸（简体字）,魔豆惊悚系列10蓝鲸简体字,,,魔豆惊悚系列10蓝鲸简体字,,,,,张世濠,,,张世濠,,,,,角川平方,,,,角川平方,2025/8/8,2025/8/8,,,2025/8/8,150.0,,,150.0,,,青少年與兒童-青少年小說,,固定版面 EPUB,,,https://readmoo.com/book/210408314000101,False,-1
E253-06905,E253-03652,E253-06902,,E050287853,,,,,,,,,,,魔豆驚悚系列05：母侵(簡體字)(電子書),X簡體,魔豆驚悚系列 05：母侵(簡體字) (電子書),,,魔豆驚悚系列05母侵簡體字電子書,魔豆驚悚系列05母侵簡體字電子書,,,,,,,李娜娜,李娜娜,,,,,,,角川平方,,角川平方,,,2025/8/8,2025/8/8,2025/8/8,,,150.0,150.0,,,中文書 >  文學小說 > 恐怖/驚悚小說,,,,,https://www.books.com.tw/products/E050287853,,,False,27
E253-06906,E253-03653,E253-06903,,E050287854,,,,,,,,,,,魔豆驚悚系列06：零居(簡體字)(電子書),X簡體,魔豆驚悚系列 06：零居(簡體字) (電子書),,,魔豆驚悚系列06零居簡體字電子書,魔豆驚悚系列06零居簡體字電子書,,,,,,,黃國盛,黃國盛,,,,,,,角川平方,,角川平方,,,2025/8/8,2025/8/8,2025/8/8,,,150.0,150.0,,,中文書 >  文學小說 > 恐怖/驚悚小說,,,,,https://www.books.com.tw/products/E050287854,,,False,28
E253-06907,E253-03654,E253-06904,,E050287855,,,,,,,,,,,魔豆驚悚系列07：消失的糖果(簡體字)(電子書),X簡體,魔豆驚悚系列 07：消失的糖果(簡體字) (電子書),,,魔豆驚悚系列07消失的糖果簡體字電子書,魔豆驚悚系列07消失的糖果簡體字電子書,,,,,,,劉幸晨,劉幸晨,,,,,,,角川平方,,角川平方,,,2025/8/8,2025/8/8,2025/8/8,,,150.0,150.0,,,中文書 >  文學小說 > 恐怖/驚悚小說,,,,,https://www.books.com.tw/products/E050287855,,,False,29
E253-06908,E253-03655,E253-06905,,E050287856,,,,,,,,,,,魔豆驚悚系列08：你是誰(簡體字)(電子書),X簡體,魔豆驚悚系列 08：你是誰(簡體字) (電子書),,,魔豆驚悚系列08你是誰簡體字電子書,魔豆驚悚系列08你是誰簡體字電子書,,,,,,,譚若瑜,譚若瑜,,,,,,,角川平方,,角川平方,,,2025/8/8,2025/8/8,2025/8/8,,,150.0,150.0,,,中文書 >  文學小說 > 恐怖/驚悚小說,,,,,https://www.books.com.tw/products/E050287856,,,False,30
E253-06909,E253-03656,E253-06906,,E050287857,,,,,,,,,,,魔豆驚悚系列09：餓(簡體字)(電子書),X簡體,魔豆驚悚系列 09：餓(簡體字) (電子書),,,魔豆驚悚系列09餓簡體字電子書,魔豆驚悚系列09餓簡體字電子書,,,,,,,黃米雪,黃米雪,,,,,,,角川平方,,角川平方,,,2025/8/8,2025/8/8,2025/8/8,,,150.0,150.0,,,中文書 >  文學小說 > 恐怖/驚悚小說,,,,,https://www.books.com.tw/products/E050287857,,,False,28
E253-06910,E253-03657,E253-06907,,E050287858,,,,,,,,,,,魔豆驚悚系列10：藍鯨(簡體字)(電子書),X簡體,魔豆驚悚系列 10：藍鯨(簡體字) (電子書),,,魔豆驚悚系列10藍鯨簡體字電子書,魔豆驚悚系列10藍鯨簡體字電子書,,,,,,,張世濠,張世濠,,,,,,,角川平方,,角川平方,,,2025/8/8,2025/8/8,2025/8/8,,,150.0,150.0,,,中文書 >  文學小說 > 恐怖/驚悚小說,,,,,https://www.books.com.tw/products/E050287858,,,False,-1
E253-06915 / E253-06914,E253-04873 / E253-01378,E253-06912 / E253-06911,,E050289380,KVV4PiC4RTGTOM_Mo6TZ6w,,9786267604878 / 9786267604830,9786267604878.0,9786267604830.0,,（空白）/ 9786267604830,,9786267604830.0,,魔法防禦術：除咒、護盾、逆襲，打開個人能量護罩(電子書),,魔法防禦術：除咒、護盾、逆襲，打開個人能量護罩 (電子書),魔法防禦術：除咒、護盾、逆襲，打開個人能量護罩,,魔法防禦術除咒護盾逆襲打開個人能量護罩電子書,魔法防禦術除咒護盾逆襲打開個人能量護罩電子書,魔法防禦術除咒護盾逆襲打開個人能量護罩,,,,Protection & Reversal Magick: A Witch's Defense Manual,,傑森・米勒,傑森・米勒,"傑森．米勒, Jason Miller",,Sada,Sada,,,橡實文化,橡實文化事業股份有限公司,橡實文化,橡實文化,,2025/9/1,2025/9/1,2025/9/1,2025/9/1,,364.0,320.0,364.0,,中文書 >  宗教命理 > 新時代 > 靈性療癒/成長,"非小說, 宗教與靈性, 新世代, 魔術研究",,EPUB 3 (Adobe DRM),,https://www.books.com.tw/products/E050289380,https://www.kobo.com/tw/zh/ebook/KVV4PiC4RTGTOM_Mo6TZ6w,,False,31
E253-06913,E253-06053,E253-06910,,,,210409568000101.0,9786267604830,,,9786267604830.0,9786267604830,,,9786267604830.0,魔法防禦術（二版）：除咒、護盾、逆襲，打開個人能量護罩,,,,魔法防禦術（二版）        ：除咒、護盾、逆襲，打開個人能量護罩,魔法防禦術二版除咒護盾逆襲打開個人能量護罩,,,魔法防禦術二版除咒護盾逆襲打開個人能量護罩,Protection & Reversal Magick                        : A Witch's Defense Manual,,,Protection & Reversal Magick                        : A Witch's Defense Manual,傑森．米勒,,,傑森．米勒,Sada,,,Sada,橡實文化,橡實文化事業股份有限公司,,,橡實文化,2025/9/1,2025/9/1,,,2025/9/1,364.0,,,364.0,,,宗教-新時代New age,,流動版面 EPUB,,,https://readmoo.com/book/210409568000101,False,31
E253-06929 / E253-06928,E253-04149 / E253-01074,E253-06926 / E253-06925,,E050294797,BzAO0iD7QjyWlEzpPiR-gQ,,（空白）/ 8969000032568,,8969000032568.0,,（空白）/ 8969000032568,,8969000032568.0,,權力天平(電子書),,權力天平 (電子書),權力天平,,權力天平電子書,權力天平電子書,權力天平,,,,繁體中文版,,唐成,唐成,唐成,,,,,,新華先鋒,新華先鋒出版社,新華先鋒,新华先锋,,2025/8/20,2025/8/20,2025/8/20,2025/8/20,,210.0,210.0,210.0,,中文書 >  文學小說 > 華文創作 > 小說,小說與文學-歷史文學,,EPUB 3 (Adobe DRM),,https://www.books.com.tw/products/E050294797,https://www.kobo.com/tw/zh/ebook/BzAO0iD7QjyWlEzpPiR-gQ,,False,32
E253-06930,E253-04150,E253-06927,,E050289618,,,9787229023461,9787229023461.0,,,,,,,權力天平(電子書),,權力天平 (電子書),,,權力天平電子書,權力天平電子書,,,,,,,唐成,唐成,,,,,,,新華先鋒,新華先鋒出版社,新華先鋒,,,2025/8/20,2025/8/20,2025/8/20,,,210.0,210.0,,,中文書 >  文學小說 > 華文創作 > 小說,,,,,https://www.books.com.tw/products/E050289618,,,False,32
E253-12969 / E253-12967,NEW2469 / NEW1089,E253-10969 / E253-10967,FIND_3690 / FIND_3689,E050275383,hMTGRqS_FjqdkFMek0ZsmQ,,9786263109384 / 9786263109230,9786263109230.0,9786263109384.0,,9786263109384,9786263109384.0,9786263109384.0,,權力的血脈（全三冊）：撼動全球走向的「家族」，一部交織萬年文明的新世界史,,權力的血脈(全三冊)：撼動全球走向的「家族」，一部交織萬年文明的新世界史,權力的血脈（全三冊）：撼動全球走向的「家族」，一部交織萬年文明的新世界史,,權力的血脈全三冊撼動全球走向的家族一部交織萬年文明的新世界史,權力的血脈全三冊撼動全球走向的家族一部交織萬年文明的新世界史,權力的血脈全三冊撼動全球走向的家族一部交織萬年文明的新世界史,,The World: A Family History of Humanity,The World: A Family History of Humanity,The World: A Family History of Humanity,,"賽門．蒙提費歐里, Simon Sebag Montefiore",賽門．蒙提費歐里,"賽門．蒙提費歐里, Simon Sebag Montefiore",,,黃中憲,,,麥田,麥田出版股份有限公司,麥田,麥田,麥田,2025/7/24,2025/7/26,2025/7/26,2025/7/24,,2499.0,2499.0,1487.0,,人文社科-歷史-世界歷史-近/現代史,非小說-歷史-世界歷史,,EPUB 3 (Adobe DRM),,https://www.books.com.tw/products/E050275383,https://www.kobo.com/tw/zh/ebook/hMTGRqS_FjqdkFMek0ZsmQ,,False,33
E253-20361,NEW3763,E253-20362,,,,210400747000101.0,9786263109230,,,9786263109230.0,9786263109384,,,9786263109384.0,權力的血脈(全三冊)：撼動全球走向的「家族」，一部交織萬年文明的新世界史,,,,權力的血脈(全三冊)：撼動全球走向的「家族」，一部交織萬年文明的新世界史,權力的血脈全三冊撼動全球走向的家族一部交織萬年文明的新世界史,,,權力的血脈全三冊撼動全球走向的家族一部交織萬年文明的新世界史,撼動全球走向的「家族」，一部交織萬年文明的新世界史,,,撼動全球走向的「家族」，一部交織萬年文明的新世界史,賽門．蒙提費歐里,,,賽門．蒙提費歐里,黃中憲,,,黃中憲,麥田,,,,麥田,2025/7/26,2025/7/26,,,2025/7/26,1749.0,,,1749.0,,,社會科學-人文歷史-世界史地,,套賣商品,,,https://readmoo.com/book/210400747000101,False,33
E253-12971,NEW1090,E253-10971,FIND_3692,E050275738,,,9786264158268,9786264158268.0,,,9786264159258,9786264159258.0,,,歡迎來到實力至上主義的教室2年級篇(12),,歡迎來到實力至上主義的教室2年級篇(12),,,歡迎來到實力至上主義的教室2年級篇12,歡迎來到實力至上主義的教室2年級篇12,,,ようこそ実力至上主義の教室へ 2年生編 (12),ようこそ実力至上主義の教室へ 2年生編 (12),,,衣笠彰梧,衣笠彰梧,,,,,,,台灣角川,,台灣角川,,,2025/7/25,2025/7/25,2025/7/25,,,195.0,195.0,,,輕小說-翻譯作品-幻奇冒險,,,,,https://www.books.com.tw/products/E050275738,,,False,34
E253-12972,NEW3277,E253-10972,FIND_3693,,,210400533000101.0,9786264159258,,,9786264159258.0,9786264159258,,,9786264159258.0,歡迎來到實力至上主義的教室2年級篇(12)(小說),,,,歡迎來到實力至上主義的教室2年級篇(12)(小說),歡迎來到實力至上主義的教室2年級篇12小說,,,歡迎來到實力至上主義的教室2年級篇12小說,,,,,衣笠彰梧,,,衣笠彰梧,,,,,台灣角川,,,,台灣角川,2025/7/25,2025/7/25,,,2025/7/25,195.0,,,195.0,,,輕小說-奇幻冒險,,流動版面 EPUB,,,https://readmoo.com/book/210400533000101,False,34
E253-06987,E253-00140,E253-06984,,,qvJgHGJOCT-I_tDFel8IqA,,9786267613627,,9786267613627.0,,9786267613627,,9786267613627.0,,顯化成真的關鍵,,,顯化成真的關鍵,,顯化成真的關鍵,,顯化成真的關鍵,,無須外求、不必花錢，最偉大神秘學導師教你以「內在體驗真實」帶動「外在豐盛實現」,,無須外求、不必花錢，最偉大神秘學導師教你以「內在體驗真實」帶動「外在豐盛實現」,,內維爾．高達德,,內維爾．高達德,,,,,,柿子文化,,,柿子文化,,2025/7/5,2025/7/5,,2025/7/5,,499.0,,499.0,,,"非小說, 健康與幸福, 自助, 自我改善, 勵志",,EPUB 3 (Adobe DRM),,,https://www.kobo.com/tw/zh/ebook/qvJgHGJOCT-I_tDFel8IqA,,False,-1
E253-06989,E253-02479,E253-06986,,E050273271,,,9786267613467,9786267613467.0,,,,,,,顯化成真的關鍵：無須外求、不必花錢，最偉大神祕學導師教你以「內在體驗真實」帶動「外在豐盛實現」(電子書),,顯化成真的關鍵：無須外求、不必花錢，最偉大神祕學導師教你以「內在體驗真實」帶動「外在豐盛實現」 (電子書),,,顯化成真的關鍵無須外求不必花錢最偉大神祕學導師教你以內在體驗真實帶動外在豐盛實現電子書,顯化成真的關鍵無須外求不必花錢最偉大神祕學導師教你以內在體驗真實帶動外在豐盛實現電子書,,,,,,,內維爾．高達德,內維爾．高達德,,,陳柚均,陳柚均,,,柿子文化,柿子文化事業有限公司,柿子文化,,,2025/7/4,2025/7/4,2025/7/4,,,439.0,439.0,,,中文書 >  宗教命理 > 新時代 > 靈性療癒/成長,,,,,https://www.books.com.tw/products/E050273271,,,False,-1
E253-06998,E253-00117,E253-06995,,,eCXqkdApIT6SPZSvaFms0Q,,8969000029815,,8969000029815.0,,8969000029815,,8969000029815.0,,體面：不失分寸的溝通智慧,,,體面：不失分寸的溝通智慧,,體面不失分寸的溝通智慧,,體面不失分寸的溝通智慧,,繁體中文版,,繁體中文版,,牛克錦,,牛克錦,,,,,,博峰文化,,,博峰文化,,2025/7/3,2025/7/3,,2025/7/3,,,,210.0,,,"非小說, 健康與幸福, 自助, 自我改善, 勵志",,EPUB 3 (Adobe DRM),,,https://www.kobo.com/tw/zh/ebook/eCXqkdApIT6SPZSvaFms0Q,,False,35
E253-07000 / E253-06999,E253-02458 / E253-02457,E253-06997 / E253-06996,,E050273695,,,9787576719444 / （空白）,9787576719444.0,,,,,,,體面：不失分寸的溝通智慧(電子書),,體面：不失分寸的溝通智慧 (電子書),,,體面不失分寸的溝通智慧電子書,體面不失分寸的溝通智慧電子書,,,,,,,牛克錦,牛克錦,,,,,,,博峰文化,博峰文化,博峰文化,,,2025/7/3,2025/7/3,2025/7/3,,,210.0,210.0,,,中文書 >  心理勵志 > 人際關係 > 說話/溝通,,,,,https://www.books.com.tw/products/E050273695,,,False,35
E253-07003,E253-05814,E253-07000,,,,210410208000101.0,9786267523582,,,9786267523582.0,9786267523582,,,9786267523582.0,讓成交更優雅,,,,讓成交更優雅,讓成交更優雅,,,讓成交更優雅,,,,,康絲坦絲．卡維（Constance Calvet）,,,康絲坦絲．卡維（Constance Calvet）,韓書妍,,,韓書妍,感電出版,感電出版,,,感電出版,2025/9/10,2025/9/10,,,2025/9/10,322.0,,,322.0,,,商業理財-行銷企管,,流動版面 EPUB,,,https://readmoo.com/book/210410208000101,False,-1
E253-07004,E253-05111,E253-07001,,E050289342,,,,,,,,,,,讓成交更優雅：與顧客共創故事，法國精品銷售教母的情緒價值課(電子書),,讓成交更優雅：與顧客共創故事，法國精品銷售教母的情緒價值課 (電子書),,,讓成交更優雅與顧客共創故事法國精品銷售教母的情緒價值課電子書,讓成交更優雅與顧客共創故事法國精品銷售教母的情緒價值課電子書,,,,,,,康絲坦絲・卡維,康絲坦絲・卡維,,,,,,,感電出版,感電出版,感電出版,,,2025/9/10,2025/9/10,2025/9/10,,,460.0,460.0,,,中文書 >  商業理財 > 行銷/廣告/業務 > 顧客服務,,,,,https://www.books.com.tw/products/E050289342,,,False,-1
E253-13014,NEW1622,E253-11014,FIND_3730,,P6ptfsmCcDiJr-_Rom8aMg,,1230009347878,,1230009347878.0,,1230009347878,,1230009347878.0,,讓孩子看得更遠：不被課本困住的成長路,,,讓孩子看得更遠：不被課本困住的成長路,,讓孩子看得更遠不被課本困住的成長路,,讓孩子看得更遠不被課本困住的成長路,,給 6-18 歲孩子家長的眼界培養指南,,給 6-18 歲孩子家長的眼界培養指南,,向初,,向初,,,,,,,,,,,2025/9/6,2025/9/6,,2025/9/6,,299.0,,299.0,,,非小說-健康與幸福-心理學,,EPUB 3 (DRM-Free),,,https://www.kobo.com/tw/zh/ebook/P6ptfsmCcDiJr-_Rom8aMg,,False,-1
E253-13015,NEW3381,E253-11015,FIND_3731,,,210409964000101.0,,,,,,,,,讓孩子看得更遠：不被課本困住的成長路：給6-18歲孩子家長的眼界培養指南,,,,讓孩子看得更遠：不被課本困住的成長路：給6-18歲孩子家長的眼界培養指南,讓孩子看得更遠不被課本困住的成長路給618歲孩子家長的眼界培養指南,,,讓孩子看得更遠不被課本困住的成長路給618歲孩子家長的眼界培養指南,給 6-18 歲孩子家長的眼界培養指南,,,給 6-18 歲孩子家長的眼界培養指南,向初,,,向初,,,,,龍文化出版,,,,龍文化出版,2025/9/6,2025/9/6,,,2025/9/6,299.0,,,299.0,,,教育-親子教養,,流動版面 EPUB,,,https://readmoo.com/book/210409964000101,False,-1
E253-07008,E253-00526,E253-07005,,,7-108-qrcode,210401864000101.0,9786267680520,,9786267680520.0,9786267680520.0,9786267680520,,9786267680520.0,9786267680520.0,讓孩子說出自信力：依柔老師帶領孩子學會自信表達的7堂溝通素養課【符合108課綱核心素養、隨書附互動影音QRCode】,,,讓孩子說出自信力：依柔老師帶領孩子學會自信表達的7堂溝通素養課【符合108課綱核心素養、隨書附互動影音QRCode】,讓孩子說出自信力：依柔老師帶領孩子學會自信表達的7堂溝通素養課【符合108課綱核心素養、隨書附互動影音QRCode】,讓孩子說出自信力依柔老師帶領孩子學會自信表達的7堂溝通素養課符合108課綱核心素養隨書附互動影音qrcode,,讓孩子說出自信力依柔老師帶領孩子學會自信表達的7堂溝通素養課符合108課綱核心素養隨書附互動影音QRCode,讓孩子說出自信力依柔老師帶領孩子學會自信表達的7堂溝通素養課符合108課綱核心素養隨書附互動影音QRCode,依柔老師帶領孩子學會自信表達的7堂溝通素養課【符合108課綱核心素養、隨書附互動影音QRCode】,,,依柔老師帶領孩子學會自信表達的7堂溝通素養課【符合108課綱核心素養、隨書附互動影音QRCode】,林依柔,,林依柔,林依柔,,,,,讀書共和國出版集團,遠足文化事業股份有限公司（讀書共和國）,,讀書共和國出版集團,讀書共和國出版集團,2025/7/30,2025/7/30,,2025/7/30,2025/7/30,,,315.0,315.0,,非小說-參考與語言-教育與教學,教育-親子教養,EPUB 3 (Adobe DRM),固定版面 EPUB,,https://www.kobo.com/tw/zh/ebook/7-108-qrcode,https://readmoo.com/book/210401864000101,False,36
E253-07009,E253-03034,E253-07006,,E050276253,,,9786267680544,9786267680544.0,,,9786267680520,9786267680520.0,,,讓孩子說出自信力：依柔老師帶領孩子學會自信表達的7堂溝通素養課【符合108課綱核心素養、隨書附互動影音QRCode】(電子書),,讓孩子說出自信力：依柔老師帶領孩子學會自信表達的7堂溝通素養課【符合108課綱核心素養、隨書附互動影音QRCode】 (電子書),,,讓孩子說出自信力依柔老師帶領孩子學會自信表達的7堂溝通素養課符合108課綱核心素養隨書附互動影音QRCode電子書,讓孩子說出自信力依柔老師帶領孩子學會自信表達的7堂溝通素養課符合108課綱核心素養隨書附互動影音QRCode電子書,,,,,,,林依柔,林依柔,,,,,,,幸福文化,幸福文化,幸福文化,,,2025/7/30,2025/7/30,2025/7/30,,,,315.0,,,中文書 >  親子教養 > 潛能/學習力啟發,,,,,https://www.books.com.tw/products/E050276253,,,False,36
E253-07013,E253-00527,E253-07010,,,k8s,,1230009249790,,1230009249790.0,,1230009249790,,1230009249790.0,,讓錢自動跑：K8s思維的財富法則,,,讓錢自動跑：K8s思維的財富法則,,讓錢自動跑k8s思維的財富法則,,讓錢自動跑K8s思維的財富法則,,從重複勞動到自動賺錢的進化之路,,從重複勞動到自動賺錢的進化之路,,林維哲,,林維哲,,,,,,龍文化出版,龍文化出版,,龍文化出版,,2025/7/30,2025/7/30,,2025/7/30,,260.0,,260.0,,,企業與金融-個人財務-金錢管理,,EPUB 3 (Adobe DRM),,,https://www.kobo.com/tw/zh/ebook/k8s,,False,37
E253-07014,E253-06662,E253-07011,,,,210402297000101.0,,,,,,,,,讓錢自動跑：K8s思維的財富法則：從重複勞動到自動賺錢的進化之路,,,,讓錢自動跑：K8s思維的財富法則        ：從重複勞動到自動賺錢的進化之路,讓錢自動跑K8s思維的財富法則從重複勞動到自動賺錢的進化之路,,,讓錢自動跑K8s思維的財富法則從重複勞動到自動賺錢的進化之路,,,,,林維哲,,,林維哲,,,,,龍文化出版,龍文化出版,,,龍文化出版,2025/7/28,2025/7/28,,,2025/7/28,249.0,,,249.0,,,商業理財-投資理財,,流動版面 EPUB,,,https://readmoo.com/book/210402297000101,False,37
E253-07021,E253-03491,E253-07018,,E050283721,,,9786269991808,9786269991808.0,,,,,,,靈魂復原術：用古老薩滿方法，重拾生命和諧之道(電子書),,靈魂復原術：用古老薩滿方法，重拾生命和諧之道 (電子書),,,靈魂復原術用古老薩滿方法重拾生命和諧之道電子書,靈魂復原術用古老薩滿方法重拾生命和諧之道電子書,,,,,,,珊卓‧英格曼,珊卓‧英格曼,,,達娃,達娃,,,新星球,新星球出版社,新星球,,,2025/8/4,2025/8/4,2025/8/4,,,258.0,258.0,,,中文書 >  宗教命理 > 新時代 > 靈性療癒/成長,,,,,https://www.books.com.tw/products/E050283721,,,False,38
E253-07020,E253-06466,E253-07017,,,,210403867000101.0,9786269849390,,,9786269849390.0,9786269849390,,,9786269849390.0,靈魂復原術（二版）：用古老薩滿方法，重拾生命和諧之道,,,,靈魂復原術（二版）        ：用古老薩滿方法，重拾生命和諧之道,靈魂復原術二版用古老薩滿方法重拾生命和諧之道,,,靈魂復原術二版用古老薩滿方法重拾生命和諧之道,Soul Retrieval                        : Mending the Fragmented Self,,,Soul Retrieval                        : Mending the Fragmented Self,珊卓．英格曼,,,珊卓．英格曼,達娃,,,達娃,新星球出版,新星球出版社,,,新星球出版,2025/8/4,2025/8/4,,,2025/8/4,294.0,,,294.0,,,宗教-新時代New age,,流動版面 EPUB,,,https://readmoo.com/book/210403867000101,False,38
E253-07030 / E253-07029,E253-04925 / E253-04924,E253-07027 / E253-07026,,E050287933,,,,,,,9786267733257 / 9786267733271,9786267733257.0,,,欖仁媽媽全球新聞臺【生活篇】小故事讀懂世界，成為守護SDGs的地球小公民(電子書),,欖仁媽媽全球新聞臺【生活篇】小故事讀懂世界，成為守護SDGs的地球小公民 (電子書),,,欖仁媽媽全球新聞臺生活篇小故事讀懂世界成為守護SDGs的地球小公民電子書,欖仁媽媽全球新聞臺生活篇小故事讀懂世界成為守護SDGs的地球小公民電子書,,,,,,,胡致莉（欖仁媽媽）,胡致莉（欖仁媽媽）,,,,,,,晴好出版,晴好出版,晴好出版,,,2025/9/3,2025/9/3,2025/9/3,,,315.0,315.0,,,中文書 >  童書/青少年文學 > 史地/傳記 > 歷史地理,,,,,https://www.books.com.tw/products/E050287933,,,False,39
E253-07030,E253-04925,E253-07027,,E050287933,,,,,,,9786267733257,9786267733257.0,,,欖仁媽媽全球新聞臺【生活篇】小故事讀懂世界，成為守護SDGs的地球小公民(電子書),,欖仁媽媽全球新聞臺【生活篇】小故事讀懂世界，成為守護SDGs的地球小公民 (電子書),,,欖仁媽媽全球新聞臺生活篇小故事讀懂世界成為守護SDGs的地球小公民電子書,欖仁媽媽全球新聞臺生活篇小故事讀懂世界成為守護SDGs的地球小公民電子書,,,,,,,胡致莉（欖仁媽媽）,胡致莉（欖仁媽媽）,,,,,,,晴好出版,晴好出版,晴好出版,,,,,2025/9/3,,,,315.0,,,中文書 >  童書/青少年文學 > 史地/傳記 > 歷史地理,,,,,https://www.books.com.tw/products/E050287933,,,False,39
E253-00282,E253-01080,E253-00282,,,ai-367,210406585000101.0,9786264175005,,9786264175005.0,9786264175005.0,9786264175005,,9786264175005.0,9786264175005.0,AI好學圖鑑：全面快速入門,,,AI好學圖鑑：全面快速入門,AI好學圖鑑：全面快速入門,ai好學圖鑑全面快速入門,,AI好學圖鑑全面快速入門,AI好學圖鑑全面快速入門,Simply Quantum AI,,Simply Quantum AI,全面快速入門,"DK 出版社編輯群, Dorling Kindersley Limited, 張嘉倫",,"DK 出版社編輯群, Dorling Kindersley Limited, 張嘉倫","DK 出版社編輯群, Dorling Kindersley Limited, 張嘉倫",,,,,天下文化出版社,遠見天下文化出版股份有限公司,,天下文化出版社,天下文化出版社,2025/8/21,2025/8/21,,2025/8/21,2025/8/21,375.0,,375.0,375.0,,非小說-參考與語言-參考,電腦科技-數位生活,EPUB 3 (Adobe DRM),流動版面 EPUB,,https://www.kobo.com/tw/zh/ebook/ai-367,https://readmoo.com/book/210406585000101,False,40
E253-00283,E253-04165,E253-00283,,E050284087,,,,,,,,,,,AI好學圖鑑：全面快速入門(電子書),,AI好學圖鑑：全面快速入門 (電子書),,,AI好學圖鑑全面快速入門電子書,AI好學圖鑑全面快速入門電子書,,,,,,,DK 出版社編輯群,DK 出版社編輯群,,,張嘉倫,張嘉倫,,,天下文化,遠見天下文化出版股份有限公司,天下文化,,,2025/8/21,2025/8/21,2025/8/21,,,330.0,330.0,,,中文書 >  電腦資訊 > 數位生活 > 其他,,,,,https://www.books.com.tw/products/E050284087,,,False,40
E253-00294,E253-00530,E253-00294,,,ai-xx,210402403000101.0,9786264062657,,9786264062657.0,9786264062657.0,9786264062657,,9786264062657.0,9786264062657.0,AI無法取代的非認知能力這樣教：內在調適Ｘ自我提升Ｘ社交連結，用親子對話培養未來軟實力,,,AI無法取代的非認知能力這樣教：內在調適Ｘ自我提升Ｘ社交連結，用親子對話培養未來軟實力,AI無法取代的非認知能力這樣教：內在調適Ｘ自我提升Ｘ社交連結，用親子對話培養未來軟實力,ai無法取代的非認知能力這樣教內在調適ｘ自我提升ｘ社交連結用親子對話培養未來軟實力,,AI無法取代的非認知能力這樣教內在調適Ｘ自我提升Ｘ社交連結用親子對話培養未來軟實力,AI無法取代的非認知能力這樣教內在調適Ｘ自我提升Ｘ社交連結用親子對話培養未來軟實力,マンガでやさしくわかる非認知能力の伸ばし方,,マンガでやさしくわかる非認知能力の伸ばし方,內在調適Ｘ自我提升Ｘ社交連結，用親子對話培養未來軟實力,中山芳一,,中山芳一,中山芳一,陳孟姝,,,陳孟姝,親子天下,親子天下股份有限公司,,親子天下,親子天下,2025/7/31,2025/7/31,,2025/7/31,2025/7/31,285.0,,285.0,285.0,,非小說-參考與語言-教育與教學,教育-親子教養,EPUB 3 (Adobe DRM),流動版面 EPUB,,https://www.kobo.com/tw/zh/ebook/ai-xx,https://readmoo.com/book/210402403000101,False,41
E253-00295,E253-03039,E253-00295,,E050276903,,,9786264062664,9786264062664.0,,,9786264062657,9786264062657.0,,,AI無法取代的非認知能力這樣教：內在調適X自我提升X社交連結，用親子對話培養未來軟實力(電子書),,AI無法取代的非認知能力這樣教：內在調適X自我提升X社交連結，用親子對話培養未來軟實力 (電子書),,,AI無法取代的非認知能力這樣教內在調適X自我提升X社交連結用親子對話培養未來軟實力電子書,AI無法取代的非認知能力這樣教內在調適X自我提升X社交連結用親子對話培養未來軟實力電子書,,,マンガでやさしくわかる非認知能力の伸ばし方,マンガでやさしくわかる非認知能力の伸ばし方,,,中山芳一,中山芳一,,,陳孟姝,陳孟姝,,,親子天下,親子天下股份有限公司,親子天下,,,2025/7/31,2025/7/31,2025/7/31,,,250.0,250.0,,,中文書 >  親子教養 > 生活教養,,,,,https://www.books.com.tw/products/E050276903,,,False,41
E253-00349,E253-00209,E253-00349,,,book-5-4,,1230009193260,,1230009193260.0,,1230009193260,,1230009193260.0,,BOOK#5,,,BOOK#5,,book5,,BOOK5,,在埃及的二十四天,,在埃及的二十四天,,張瑞夫,,張瑞夫,,,,,,Travel Alone,,,Travel Alone,,2025/7/11,2025/7/11,,2025/7/11,,284.0,,284.0,,,非小說-旅行-非洲,,EPUB 3 (Adobe DRM),,,https://www.kobo.com/tw/zh/ebook/book-5-4,,False,-1
E253-00350,E253-06671,E253-00350,,,,210401076000101.0,,,,,,,,,BOOK#5𓂀：在埃及的二十四天,,,,BOOK#5 𓂀        ：在埃及的二十四天,BOOK5𓂀在埃及的二十四天,,,BOOK5𓂀在埃及的二十四天,,,,,張瑞夫,,,張瑞夫,,,,,Travel Alone,,,,Travel Alone,2025/7/25,2025/7/25,,,2025/7/25,270.0,,,270.0,,,文學小說-散文-旅行敘述,,流動版面 EPUB,,,https://readmoo.com/book/210401076000101,False,-1
E253-00375,E253-01160,E253-00375,,,bt21-mook8,210405562000101.0,9786263981225,,9786263981225.0,9786263981225.0,9786263981225,,9786263981225.0,9786263981225.0,BT21帶你環遊世界：MOOK第8站──釜山‧大邱,,,BT21帶你環遊世界：MOOK第8站──釜山‧大邱,BT21帶你環遊世界：MOOK第8站──釜山‧大邱,bt21帶你環遊世界mook第8站釜山大邱,,BT21帶你環遊世界MOOK第8站釜山大邱,BT21帶你環遊世界MOOK第8站釜山大邱,,,,,"李冠瑩, 墨刻編輯部",,"李冠瑩, 墨刻編輯部","李冠瑩, 墨刻編輯部",,,,,城邦出版集團,城邦文化事業股份有限公司,,城邦出版集團,城邦出版集團,2025/8/26,2025/8/26,,2025/8/26,2025/8/26,279.0,,237.0,279.0,,非小說-旅行-亞洲,旅遊觀光-亞洲旅遊,EPUB 3 (Adobe DRM),固定版面 EPUB,,https://www.kobo.com/tw/zh/ebook/bt21-mook8,https://readmoo.com/book/210405562000101,False,42
E253-00376,E253-04440,E253-00376,,E050285046,,,,,,,9786263981225,9786263981225.0,,,BT21帶你環遊世界：MOOK第8站──釜山‧大邱(電子書),,BT21帶你環遊世界：MOOK第8站──釜山‧大邱 (電子書),,,BT21帶你環遊世界MOOK第8站釜山大邱電子書,BT21帶你環遊世界MOOK第8站釜山大邱電子書,,,,,,,"墨刻編輯部,李冠瑩","墨刻編輯部,李冠瑩",,,,,,,墨刻,墨刻出版股份有限公司,墨刻,,,2025/8/26,2025/8/26,2025/8/26,,,237.0,237.0,,,中文書 >  旅遊 > 韓國,,,,,https://www.books.com.tw/products/E050285046,,,False,42
E253-00403,E253-01314,E253-00403,,,dots-x-circles-3,,1230009335097,,1230009335097.0,,1230009335097,,1230009335097.0,,DotsxCircles插畫雜誌第3期,,,Dots x Circles 插畫雜誌第3期,,dotsxcircles插畫雜誌第3期,,DotsxCircles插畫雜誌第3期,,2025-08-01 0:00:00,,2025-08-01 0:00:00,,"Dots x Circles, LLC編著, 瑩然創意工作室譯",,"Dots x Circles, LLC編著, 瑩然創意工作室譯",,,,,,瑩然創意工作室(授權發行),,,瑩然創意工作室(授權發行),,2025/9/1,2025/9/1,,2025/9/1,,340.0,,340.0,,,非小說-家庭與園藝-手工藝與嗜好,,EPUB 3 (Adobe DRM),,,https://www.kobo.com/tw/zh/ebook/dots-x-circles-3,,False,-1
E253-00404,E253-05989,E253-00404,,,,220409315000101.0,,,,,,,,,DotsxCircles插畫雜誌第3期：2025年8月,X雜誌,,,Dots x Circles 插畫雜誌 第3期        ：2025年8月,DotsxCircles插畫雜誌第3期2025年8月,,,DotsxCircles插畫雜誌第3期2025年8月,Dots x Circles Illustration Magazine Issue 03,,,Dots x Circles Illustration Magazine Issue 03,Dots x Circles,,,Dots x Circles,瑩然創意工作室,,,瑩然創意工作室,瑩然創意工作室,,,,瑩然創意工作室,2025/9/1,2025/9/1,,,2025/9/1,340.0,,,340.0,,,雜誌-中文雜誌-設計藝術,,固定版面 EPUB,,,https://readmoo.com/book/220409315000101,False,-1
E253-11519,NEW3651,E253-09519,FIND_237,,,210413219000101.0,,,,,,,,,FeeltheWorldLevel1:ComewithUs！(Self-Management)（有聲套書）,,,,FeeltheWorldLevel1:ComewithUs！(Self-Management)（有聲套書）,FeeltheWorldLevel1ComewithUsSelfManagement有聲套書,,,FeeltheWorldLevel1ComewithUsSelfManagement有聲套書,,,,,John D． Smith,,,John D． Smith,,,,,敦煌書局,,,,敦煌書局,2025/9/1,2025/9/1,,,2025/9/1,225.0,,,225.0,,,學習輔助與工具書-語言學習-英語,,套賣商品,,,https://readmoo.com/book/210413219000101,False,-1
E253-11530,NEW3652,E253-09530,FIND_238,,,210413195000101.0,,,,,,,,,FeeltheWorldLevel1:MontyandMayaGotoMatsu！(Self-Awareness)（有聲套書）,,,,FeeltheWorldLevel1:MontyandMayaGotoMatsu！(Self-Awareness)（有聲套書）,FeeltheWorldLevel1MontyandMayaGotoMatsuSelfAwareness有聲套書,,,FeeltheWorldLevel1MontyandMayaGotoMatsuSelfAwareness有聲套書,,,,,John D． Smith,,,John D． Smith,,,,,敦煌書局,,,,敦煌書局,2025/9/1,2025/9/1,,,2025/9/1,225.0,,,225.0,,,學習輔助與工具書-語言學習-英語,,套賣商品,,,https://readmoo.com/book/210413195000101,False,-1
E253-11741,NEW1546,E253-09741,FIND_257,,g-lish-vol-25-1,,6710000003709,,6710000003709.0,,6710000003709,,6710000003709.0,,G-Lish綺想曲vol．25(上),,,G-Lish綺想曲vol．25(上),,GLish綺想曲vol25上,,GLish綺想曲vol25上,,,,,,"紫国天レイ, 鮭田ねね, 森キヨウ, 三島ピタリ, 踊十利, BlavO",,"紫国天レイ, 鮭田ねね, 森キヨウ, 三島ピタリ, 踊十利, BlavO",,,,,,,,,,,2025/7/7,2025/7/7,,2025/7/7,,99.0,,99.0,,,漫畫、圖畫小說和漫畫-連環漫畫-Yaoi,,EPUB 3 (Adobe DRM),,,https://www.kobo.com/tw/zh/ebook/g-lish-vol-25-1,,False,43
E253-11752,NEW1547,E253-09752,FIND_258,,g-lish-vol-25,,6710000003710,,6710000003710.0,,6710000003710,,6710000003710.0,,G-Lish綺想曲vol．25(下),,,G-Lish綺想曲vol．25(下),,GLish綺想曲vol25下,,GLish綺想曲vol25下,,,,,,"しいな, ナツマサキ, じねん, 牟田いゆ, 柳瀬せの",,"しいな, ナツマサキ, じねん, 牟田いゆ, 柳瀬せの",,,,,,,,,,,2025/7/7,2025/7/7,,2025/7/7,,99.0,,99.0,,,漫畫、圖畫小說和漫畫-連環漫畫-Yaoi,,EPUB 3 (Adobe DRM),,,https://www.kobo.com/tw/zh/ebook/g-lish-vol-25,,False,43
E253-11763,NEW2086,E253-09763,FIND_259,,g-lish-vol-26,,6710000003722,,6710000003722.0,,6710000003722,,6710000003722.0,,G-Lish綺想曲vol．26(上),,,G-Lish綺想曲vol．26(上),,GLish綺想曲vol26上,,GLish綺想曲vol26上,,,,,,"木田かおる, ねこげ, 森乃タピ, 平眞ミツナガ",,"木田かおる, ねこげ, 森乃タピ, 平眞ミツナガ",,,,,,,,,,,2025/8/12,2025/8/12,,2025/8/12,,99.0,,99.0,,,漫畫、圖畫小說和漫畫-連環漫畫-Yaoi,,EPUB 3 (Adobe DRM),,,https://www.kobo.com/tw/zh/ebook/g-lish-vol-26,,False,43
E253-11775,NEW2087,E253-09775,FIND_260,,g-lish-vol-26-1,,6710000003723,,6710000003723.0,,6710000003723,,6710000003723.0,,G-Lish綺想曲vol．26(下),,,G-Lish綺想曲vol．26(下),,GLish綺想曲vol26下,,GLish綺想曲vol26下,,,,,,"sawaco, ohige, 中野都, すずくこま",,"sawaco, ohige, 中野都, すずくこま",,,,,,,,,,,2025/8/12,2025/8/12,,2025/8/12,,99.0,,99.0,,,漫畫、圖畫小說和漫畫-連環漫畫-Yaoi,,EPUB 3 (Adobe DRM),,,https://www.kobo.com/tw/zh/ebook/g-lish-vol-26-1,,False,43
E253-11786,NEW1624,E253-09786,FIND_261,,g-lish-vol-27-1,,6710000003733,,6710000003733.0,,6710000003733,,6710000003733.0,,G-Lish綺想曲vol．27(上),,,G-Lish綺想曲vol．27(上),,GLish綺想曲vol27上,,GLish綺想曲vol27上,,,,,,"直江犀, ほしの世界, 踊十利, 三島ピタリ",,"直江犀, ほしの世界, 踊十利, 三島ピタリ",,,,,,,,,,,2025/9/7,2025/9/7,,2025/9/7,,99.0,,99.0,,,漫畫、圖畫小說和漫畫-連環漫畫-Yaoi,,EPUB 3 (Adobe DRM),,,https://www.kobo.com/tw/zh/ebook/g-lish-vol-27-1,,False,43
E253-11797,NEW1625,E253-09797,FIND_262,,g-lish-vol-27,,6710000003734,,6710000003734.0,,6710000003734,,6710000003734.0,,G-Lish綺想曲vol．27(下),,,G-Lish綺想曲vol．27(下),,GLish綺想曲vol27下,,GLish綺想曲vol27下,,,,,,"木田かおる, じねん, 森キヨウ, 鮭田ねね",,"木田かおる, じねん, 森キヨウ, 鮭田ねね",,,,,,,,,,,2025/9/7,2025/9/7,,2025/9/7,,99.0,,99.0,,,漫畫、圖畫小說和漫畫-連環漫畫-Yaoi,,EPUB 3 (Adobe DRM),,,https://www.kobo.com/tw/zh/ebook/g-lish-vol-27,,False,43
E253-00472,E253-00302,E253-00472,,,i-10-nldkx,,9786267691519,,9786267691519.0,,9786267691519,,9786267691519.0,,i室設圈│漂亮家居10：住宅現在進行式，nLDKX改寫家的可能性,,,i室設圈│漂亮家居10：住宅現在進行式，nLDKX改寫家的可能性,,i室設圈漂亮家居10住宅現在進行式nldkx改寫家的可能性,,i室設圈漂亮家居10住宅現在進行式nLDKX改寫家的可能性,,,,,,"i室設圈, 漂亮家居編輯部",,"i室設圈, 漂亮家居編輯部",,,,,,城邦出版集團,城邦文化事業股份有限公司,,城邦出版集團,,2025/7/17,2025/7/17,,2025/7/17,,349.0,,349.0,,,非小說-藝術與建築-建築學,,EPUB 3 (Adobe DRM),,,https://www.kobo.com/tw/zh/ebook/i-10-nldkx,,False,44
E253-00473,E253-03492,E253-00473,,E050275483,,210400029000101.0,9786267691496,9786267691496.0,,9786267691496.0,9786267691519,9786267691519.0,,9786267691519.0,i室設圈│漂亮家居10：住宅現在進行式，nLDKX改寫家的可能性(電子書),,i室設圈│漂亮家居10：住宅現在進行式，nLDKX改寫家的可能性 (電子書),,i室設圈│漂亮家居10：住宅現在進行式，nLDKX改寫家的可能性(電子書),i室設圈漂亮家居10住宅現在進行式nLDKX改寫家的可能性電子書,i室設圈漂亮家居10住宅現在進行式nLDKX改寫家的可能性電子書,,i室設圈漂亮家居10住宅現在進行式nLDKX改寫家的可能性電子書,住宅現在進行式，nLDKX改寫家的可能性,,,住宅現在進行式，nLDKX改寫家的可能性,i室設圈│漂亮家居編輯部,i室設圈│漂亮家居編輯部,,i室設圈│漂亮家居編輯部,,,,,麥浩斯,麥浩斯資訊股份有限公司,麥浩斯,,麥浩斯,2025/7/17,2025/8/5,2025/8/5,,2025/7/17,499.0,499.0,,349.0,中文書 >  藝術設計 > 室內設計 > 空間設計/佈置,,藝術設計-設計,,固定版面 EPUB,https://www.books.com.tw/products/E050275483,,https://readmoo.com/book/210400029000101,False,44
E253-00468 / E253-00467,E253-05631 / E253-01769,E253-00467,,,incarnation-26,210411649000101.0,9786267409985,,9786267409985.0,9786267409985.0,9786267409985,,9786267409985.0,9786267409985.0,Incarnation受肉：上路市剛作品集,,,Incarnation受肉：上路市剛作品集,Incarnation受肉：上路市剛作品集,incarnation受肉上路市剛作品集,,Incarnation受肉上路市剛作品集,Incarnation受肉上路市剛作品集,,,,,上路市剛,,上路市剛,上路市剛,林農凱,,,林農凱,北星圖書,北星圖書事業股份有限公司,,北星圖書,北星圖書,2025/9/18,2025/9/18,,2025/9/18,2025/9/18,495.0,,495.0,495.0,,非小說-藝術與建築-藝術技術,藝術設計-雕塑,EPUB 3 (Adobe DRM),固定版面 EPUB,,https://www.kobo.com/tw/zh/ebook/incarnation-26,https://readmoo.com/book/210411649000101,False,45
E253-00469,E253-05214,E253-00469,,E050291859,,,9786267409992,9786267409992.0,,,9786267409985,9786267409985.0,,,Incarnation受肉：上路市剛作品集(電子書),,Incarnation受肉：上路市剛作品集 (電子書),,,Incarnation受肉上路市剛作品集電子書,Incarnation受肉上路市剛作品集電子書,,,,,,,上路市剛,上路市剛,,,林農凱,林農凱,,,北星,北星圖書事業股份有限公司,北星,,,2025/9/18,2025/9/18,2025/9/18,,,495.0,495.0,,,中文書 >  藝術設計 > 雕塑 > 各式雕塑,,,,,https://www.books.com.tw/products/E050291859,,,False,45
E253-00483,E253-00149,E253-00483,,,keira-fleur-handtied-bouquet2,,9786267721186,,9786267721186.0,,9786267721186,,9786267721186.0,,KEIRAFLEURHandtiedBouquet花藝之書２【花束與風格】：收集季節饋禮，韓式手綁花的獨特感性,,,KEIRA FLEUR Handtied Bouquet花藝之書２【花束與風格】：收集季節饋禮，韓式手綁花的獨特感性,,keirafleurhandtiedbouquet花藝之書２花束與風格收集季節饋禮韓式手綁花的獨特感性,,KEIRAFLEURHandtiedBouquet花藝之書２花束與風格收集季節饋禮韓式手綁花的獨特感性,,케이라플레르 꽃다발 마스터 클래스,,케이라플레르 꽃다발 마스터 클래스,,金愛眞,,金愛眞,,,,,,悅知文化,,,悅知文化,,2025/7/7,2025/7/7,,2025/7/7,,452.0,,452.0,,,非小說-家庭與園藝-手工藝與嗜好,,EPUB 3 (Adobe DRM),,,https://www.kobo.com/tw/zh/ebook/keira-fleur-handtied-bouquet2,,False,46
E253-00484,E253-02498,E253-00484,,E050272571,,210396818000101.0,9786267537749,,,9786267537749.0,9786267721186,9786267721186.0,,9786267721186.0,KEIRAFLEURHandtiedBouquet花藝之書2【花束與風格】：收集季節饋禮，韓式手綁花的獨特感性(電子書),,KEIRA FLEUR Handtied Bouquet花藝之書2【花束與風格】：收集季節饋禮，韓式手綁花的獨特感性 (電子書),,KEIRAFLEURHandtiedBouquet花藝之書2【花束與風格】：收集季節饋禮，韓式手綁花的獨特感性(電子書),KEIRAFLEURHandtiedBouquet花藝之書2花束與風格收集季節饋禮韓式手綁花的獨特感性電子書,KEIRAFLEURHandtiedBouquet花藝之書2花束與風格收集季節饋禮韓式手綁花的獨特感性電子書,,KEIRAFLEURHandtiedBouquet花藝之書2花束與風格收集季節饋禮韓式手綁花的獨特感性電子書,케이라플레르 꽃다발 마스터 클래스,케이라플레르 꽃다발 마스터 클래스,,收集季節饋禮，韓式手綁花的獨特感性,金愛眞,金愛眞,,金愛眞,余映萱,余映萱,,余映萱,悅知文化,悅知文化,悅知文化,,悅知文化,2025/7/7,2025/7/7,2025/7/7,,2025/7/7,514.0,514.0,,514.0,中文書 >  生活風格 > 居家生活 > 花草園藝,,生活風格-園藝,,固定版面 EPUB,https://www.books.com.tw/products/E050272571,,https://readmoo.com/book/210396818000101,False,46
E253-00511,E253-06729,E253-00511,,,longleh,210404642000101.0,9786267727089,,9786267727089.0,9786267727102.0,9786267727089,,9786267727089.0,9786267727089.0,Lóng是阮leh烏白想,,,Lóng是阮leh烏白想,Lóng是阮leh烏白想,lóng是阮leh烏白想,,Lóng是阮leh烏白想,Lóng是阮leh烏白想,,,,,杜信龍,,杜信龍,杜信龍,,,,,前衛出版社,前衛出版社,,前衛出版社,前衛出版社,2025/7/22,2025/7/22,,2025/7/22,2025/7/22,266.0,,266.0,266.0,,非小說-參考與語言-外國語言,"分類導覽, 文學小說, 詩, Lóng是阮leh烏白想",EPUB 3 (Adobe DRM),流動版面 EPUB,,https://www.kobo.com/tw/zh/ebook/longleh,https://readmoo.com/book/210404642000101,False,47
E253-00512,E253-02786,E253-00512,,E050282787,,210404642000101.0,9786267727102,,,9786267727102.0,9786267727089,9786267727089.0,,9786267727089.0,Lóng是阮leh烏白想(電子書),,Lóng是阮leh烏白想 (電子書),,Lóng是阮leh烏白想,Lóng是阮leh烏白想電子書,Lóng是阮leh烏白想電子書,,Lóng是阮leh烏白想,,,,,杜信龍,杜信龍,,杜信龍,,,,,前衛,前衛出版社,前衛,,前衛出版社,2025/7/22,2025/7/22,2025/7/22,,2025/7/22,380.0,380.0,,266.0,中文書 >  文學小說 > 詩 > 華文現代詩,,文學小說-詩,,流動版面 EPUB,https://www.books.com.tw/products/E050282787,,https://readmoo.com/book/210404642000101,False,47
E253-12046,NEW2151,E253-10046,FIND_285,,mbti-nj,,1230009249752,,1230009249752.0,,1230009249752,,1230009249752.0,,MBTI深度研究：解密NJ型人格,,,MBTI深度研究：解密NJ型人格,,MBTI深度研究解密NJ型人格,,MBTI深度研究解密NJ型人格,,解密直覺與判斷的雙重力量,,解密直覺與判斷的雙重力量,,葉靜萱,,葉靜萱,,,,,,,,,,,2025/7/30,2025/7/30,,2025/7/30,,201.0,,201.0,,,非小說-健康與幸福-心理學,,EPUB 3 (Adobe DRM),,,https://www.kobo.com/tw/zh/ebook/mbti-nj,,False,-1
E253-12057,NEW3759,E253-10057,FIND_286,,,210402296000101.0,,,,,,,,,MBTI深度研究：解密NJ型人格：解密直覺與判斷的雙重力量,,,,MBTI深度研究：解密NJ型人格：解密直覺與判斷的雙重力量,MBTI深度研究解密NJ型人格解密直覺與判斷的雙重力量,,,MBTI深度研究解密NJ型人格解密直覺與判斷的雙重力量,解密直覺與判斷的雙重力量,,,解密直覺與判斷的雙重力量,葉靜萱,,,葉靜萱,,,,,龍文化出版,,,,龍文化出版,2025/7/26,2025/7/26,,,2025/7/26,199.0,,,199.0,,,勵志成長-潛能開發,,流動版面 EPUB,,,https://readmoo.com/book/210402296000101,False,-1
E253-12112,NEW3764,E253-10112,FIND_291,,,210398069000101.0,,,,,,,,,MyFirstGeographyEncyclopedia｜我的第一本地理百科：萍阿姨雙語百科系列,,,,MyFirstGeographyEncyclopedia｜我的第一本地理百科：萍阿姨雙語百科系列,MyFirstGeographyEncyclopedia我的第一本地理百科萍阿姨雙語百科系列,,,MyFirstGeographyEncyclopedia我的第一本地理百科萍阿姨雙語百科系列,萍阿姨雙語百科系列,,,萍阿姨雙語百科系列,Auntie Ping 萍阿姨,,,Auntie Ping 萍阿姨,,,,,The Bilingual Pianist,,,,The Bilingual Pianist,2025/7/6,2025/7/6,,,2025/7/6,99.0,,,99.0,,,學習輔助與工具書-語言學習-英語,,流動版面 EPUB,,,https://readmoo.com/book/210398069000101,False,-1
E253-12123,NEW3765,E253-10123,FIND_292,,,210397905000101.0,,,,,,,,,MyFirstMusicEncyclopedia｜我的第一本音樂百科：萍阿姨雙語百科系列,,,,MyFirstMusicEncyclopedia｜我的第一本音樂百科：萍阿姨雙語百科系列,MyFirstMusicEncyclopedia我的第一本音樂百科萍阿姨雙語百科系列,,,MyFirstMusicEncyclopedia我的第一本音樂百科萍阿姨雙語百科系列,萍阿姨雙語百科系列,,,萍阿姨雙語百科系列,Auntie Ping 萍阿姨,,,Auntie Ping 萍阿姨,,,,,The Bilingual Pianist,,,,The Bilingual Pianist,2025/7/6,2025/7/6,,,2025/7/6,99.0,,,99.0,,,青少年與兒童-繪本,,流動版面 EPUB,,,https://readmoo.com/book/210397905000101,False,-1
E253-12355,NEW1254,E253-10355,FIND_313,,our-dinner-2,,6840000004399,,6840000004399.0,,6840000004399,,6840000004399.0,,OurDinner－我們的晚餐2,,,OurDinner－我們的晚餐2,,OurDinner我們的晚餐2,,OurDinner我們的晚餐2,,肌肉大叔攻 X 戀父放蕩受,,肌肉大叔攻 X 戀父放蕩受,,Hibiki-響,,Hibiki-響,,,,,,RED EYE- 響,,,RED EYE- 響,,2025/8/6,2025/8/6,,2025/8/6,,150.0,,150.0,,,漫畫、圖畫小說和漫畫-黃色書刊,,EPUB 3 (Adobe DRM),,,https://www.kobo.com/tw/zh/ebook/our-dinner-2,,False,-1
E253-12366,NEW3564,E253-10366,FIND_314,,,210413144000101.0,,,,,,,,,OurDinner－我們的晚餐2：肌肉大叔攻X戀父放蕩受,,,,OurDinner－我們的晚餐2：肌肉大叔攻X戀父放蕩受,OurDinner我們的晚餐2肌肉大叔攻X戀父放蕩受,,,OurDinner我們的晚餐2肌肉大叔攻X戀父放蕩受,肌肉大叔攻 X 戀父放蕩受,,,肌肉大叔攻 X 戀父放蕩受,Hibiki-響,,,Hibiki-響,,,,,RED EYE- 響,,,,RED EYE- 響,2025/8/6,2025/8/6,,,2025/8/6,150.0,,,150.0,,,漫畫-BL漫畫,,固定版面 EPUB,,,https://readmoo.com/book/210413144000101,False,-1
